stock_code,stock_name,n_events,mean_excess,total_excess
sh600052,东望时代,1,6.854,6.854
sh600055,万东医疗,1,-2.484,-2.484
sh600058,五矿发展,1,-5.867,-5.867
sh600097,开创国际,1,15.271,15.271
sh600111,北方稀土,1,-6.905,-6.905
sh600113,浙江东日,1,3.313,3.313
sh600127,金健米业,1,-4.406,-4.406
sh600148,长春一东,1,9.395,9.395
sh600151,航天机电,1,-2.09,-2.09
sh600152,维科技术,1,11.525,11.525
sh600178,东安动力,1,-11.715,-11.715
sh600180,*ST瑞茂,1,-1.907,-1.907
sh600203,福日电子,1,17.335,17.335
sh600211,西藏药业,1,-4.991,-4.991
sh600221,海航控股,1,4.049,4.049
sh600222,太龙药业,1,2.873,2.873
sh600229,城市传媒,1,2.832,2.832
sh600231,凌钢股份,1,-0.067,-0.067
sh600287,苏豪时尚,1,10.469,10.469
sh600288,大恒科技,1,12.193,12.193
sh600322,津投城开,1,-2.67,-2.67
sh600331,宏达股份,1,13.312,13.312
sh600337,ST美克,1,0.838,0.838
sh600338,西藏珠峰,1,-6.19,-6.19
sh600340,*ST华幸,1,-4.012,-4.012
sh600345,长江通信,1,18.273,18.273
sh600379,宝光股份,1,-8.408,-8.408
sh600388,龙净环保,1,-5.718,-5.718
sh600389,江山股份,1,-5.373,-5.373
sh600455,博通股份,1,12.313,12.313
sh600470,六国化工,1,5.153,5.153
sh600488,津药药业,1,-0.248,-0.248
sh600493,凤竹纺织,1,-6.361,-6.361
sh600513,联环药业,1,-5.725,-5.725
sh600531,豫光金铅,1,0.787,0.787
sh600545,卓郎智能,1,14.807,14.807
sh600549,厦门钨业,1,-6.713,-6.713
sh600562,国睿科技,1,4.077,4.077
sh600567,山鹰国际,1,8.218,8.218
sh600587,新华医疗,1,0.143,0.143
sh600594,益佰制药,1,-5.559,-5.559
sh600596,新安股份,1,-2.778,-2.778
sh600605,汇通能源,1,22.494,22.494
sh600629,华建集团,1,21.181,21.181
sh600638,新黄浦,1,-8.394,-8.394
sh600639,浦东金桥,1,27.86,27.86
sh600640,国脉文化,1,-3.883,-3.883
sh600644,乐山电力,1,2.844,2.844
sh600645,中源协和,1,0.088,0.088
sh600650,锦江在线,1,5.121,5.121
sh600653,申华控股,1,27.471,27.471
sh600661,昂立教育,1,7.833,7.833
sh600662,外服控股,1,-11.591,-11.591
sh600665,天地源,1,8.745,8.745
sh600690,海尔智家,1,-7.148,-7.148
sh600696,*ST岩石,1,10.814,10.814
sh600697,欧亚集团,1,-8.163,-8.163
sh600698,湖南天雁,1,12.969,12.969
sh600714,金瑞矿业,1,9.014,9.014
sh600715,文投控股,1,33.67,33.67
sh600721,百花医药,1,-4.761,-4.761
sh600746,江苏索普,1,-7.958,-7.958
sh600793,宜宾纸业,1,0.854,0.854
sh600802,福建水泥,1,7.522,7.522
sh600829,人民同泰,1,-0.166,-0.166
sh600831,广电网络,1,7.564,7.564
sh600854,春兰股份,1,3.31,3.31
sh600866,星湖科技,1,-7.071,-7.071
sh600869,远东股份,1,12.109,12.109
sh600884,杉杉股份,1,-1.533,-1.533
sh600965,*ST福成,1,1.004,1.004
sh600966,博汇纸业,1,-7.075,-7.075
sh600983,惠而浦,1,-0.228,-0.228
sh600984,建设机械,1,2.671,2.671
sh600987,航民股份,1,-5.403,-5.403
sh601022,宁波远洋,1,8.155,8.155
sh601038,一拖股份,1,-4.064,-4.064
sh601133,柏诚股份,1,-3.475,-3.475
sh601156,东航物流,1,0.832,0.832
sh601208,东材科技,1,-7.289,-7.289
sh601231,环旭电子,1,-6.742,-6.742
sh601311,骆驼股份,1,-3.241,-3.241
sh601366,利群股份,1,2.203,2.203
sh601500,通用股份,1,-4.433,-4.433
sh601515,衢州东峰,1,10.093,10.093
sh601595,上海电影,1,-7.59,-7.59
sh601616,广电电气,1,-8.939,-8.939
sh601702,华峰铝业,1,-4.806,-4.806
sh601798,蓝科高新,2,-5.957,-11.914
sh601929,吉视传媒,1,10.734,10.734
sh603000,人民网,1,-1.425,-1.425
sh603002,宏昌电子,1,6.831,6.831
sh603004,鼎龙科技,1,-6.129,-6.129
sh603006,联明股份,2,5.058,10.116
sh603028,赛福天,1,23.753,23.753
sh603038,华立股份,1,-4.449,-4.449
sh603045,福达合金,1,7.437,7.437
sh603060,国检集团,1,-0.847,-0.847
sh603068,博通集成,1,4.513,4.513
sh603086,先达股份,1,6.593,6.593
sh603089,正裕工业,1,15.519,15.519
sh603090,宏盛股份,1,-6.539,-6.539
sh603096,新经典,2,0.471,0.943
sh603100,川仪股份,1,-4.825,-4.825
sh603111,康尼机电,1,14.226,14.226
sh603121,华培动力,1,17.797,17.797
sh603126,中材节能,1,29.285,29.285
sh603129,春风动力,1,11.371,11.371
sh603131,上海沪工,1,-12.301,-12.301
sh603132,金徽股份,1,-5.327,-5.327
sh603135,中重科技,1,-4.357,-4.357
sh603151,邦基科技,1,5.77,5.77
sh603155,新亚强,1,14.157,14.157
sh603183,建研院,2,-1.83,-3.66
sh603186,XD华正新,1,11.698,11.698
sh603197,保隆科技,1,-7.473,-7.473
sh603206,嘉环科技,1,9.288,9.288
sh603220,中贝通信,1,11.994,11.994
sh603229,奥翔药业,1,4.037,4.037
sh603239,浙江仙通,1,1.636,1.636
sh603256,宏和科技,1,8.654,8.654
sh603258,电魂网络,2,7.019,14.037
sh603259,药明康德,1,-11.208,-11.208
sh603266,天龙股份,1,-8.712,-8.712
sh603269,海鸥股份,1,12.894,12.894
sh603272,*ST联翔,1,13.827,13.827
sh603278,大业股份,1,16.831,16.831
sh603309,维力医疗,1,-1.509,-1.509
sh603316,诚邦股份,1,10.364,10.364
sh603321,梅轮电梯,1,7.459,7.459
sh603326,我乐家居,1,12.955,12.955
sh603327,福蓉科技,1,1.081,1.081
sh603328,依顿电子,1,-2.665,-2.665
sh603330,天洋新材,1,-28.193,-28.193
sh603353,和顺石油,1,11.375,11.375
sh603359,*ST东珠,1,10.654,10.654
sh603363,傲农生物,1,32.24,32.24
sh603377,ST东时,1,15.723,15.723
sh603378,*ST亚士,1,4.28,4.28
sh603385,惠达卫浴,1,6.537,6.537
sh603387,基蛋生物,1,-5.421,-5.421
sh603398,*ST沐邦,2,6.958,13.916
sh603429,*ST集友,1,0.707,0.707
sh603507,振江股份,1,-10.03,-10.03
sh603508,思维列控,1,-6.027,-6.027
sh603520,司太立,1,1.902,1.902
sh603528,多伦科技,1,18.978,18.978
sh603533,掌阅科技,1,4.839,4.839
sh603602,纵横通信,1,11.703,11.703
sh603607,京华激光,1,-1.852,-1.852
sh603628,清源股份,1,-4.42,-4.42
sh603636,南威软件,1,0.726,0.726
sh603648,畅联股份,1,21.205,21.205
sh603660,苏州科达,1,8.15,8.15
sh603662,柯力传感,1,4.845,4.845
sh603667,五洲新春,1,19.327,19.327
sh603668,天马科技,1,6.664,6.664
sh603676,卫信康,1,2.981,2.981
sh603680,今创集团,1,7.609,7.609
sh603696,安记食品,1,4.44,4.44
sh603697,XD有友食,1,-0.232,-0.232
sh603700,宁水集团,1,-5.348,-5.348
sh603708,家家悦,1,-4.389,-4.389
sh603718,*ST海利,1,1.298,1.298
sh603719,良品铺子,1,2.224,2.224
sh603721,*ST天择,1,-4.837,-4.837
sh603725,天安新材,1,10.952,10.952
sh603726,朗迪集团,1,12.588,12.588
sh603733,仙鹤股份,1,1.088,1.088
sh603738,泰晶科技,1,5.127,5.127
sh603755,日辰股份,1,6.461,6.461
sh603758,秦安股份,1,-5.084,-5.084
sh603767,中马传动,1,4.533,4.533
sh603768,常青股份,2,7.184,14.368
sh603788,宁波高发,1,6.908,6.908
sh603803,瑞斯康达,1,23.548,23.548
sh603811,诚意药业,1,3.068,3.068
sh603818,曲美家居,1,10.278,10.278
sh603823,百合花,1,1.689,1.689
sh603826,坤彩科技,1,-4.366,-4.366
sh603860,中公高科,1,22.457,22.457
sh603863,松炀资源,2,-18.089,-36.178
sh603878,武进不锈,1,1.238,1.238
sh603879,永悦科技,1,14.361,14.361
sh603886,元祖股份,1,-7.116,-7.116
sh603887,城地香江,1,14.661,14.661
sh603888,新华网,1,1.591,1.591
sh603900,莱绅通灵,1,7.148,7.148
sh603901,永创智能,1,5.631,5.631
sh603909,建发合诚,1,2.333,2.333
sh603917,合力科技,1,22.322,22.322
sh603933,睿能科技,1,46.629,46.629
sh603937,丽岛新材,1,12.528,12.528
sh603959,ST百利,1,2.334,2.334
sh603989,艾华集团,1,-1.781,-1.781
sh603992,松霖科技,1,9.983,9.983
sh605028,世茂能源,1,1.182,1.182
sh605055,迎丰股份,1,10.922,10.922
sh605086,龙高股份,1,13.866,13.866
sh605111,新洁能,1,-19.011,-19.011
sh605116,奥锐特,1,-12.085,-12.085
sh605117,德业股份,1,14.783,14.783
sh605123,派克新材,1,-3.736,-3.736
sh605133,嵘泰股份,1,8.026,8.026
sh605138,盛泰集团,1,-1.555,-1.555
sh605162,新中港,1,9.66,9.66
sh605169,洪通燃气,1,3.687,3.687
sh605178,时空科技,1,2.981,2.981
sh605188,国光连锁,2,12.989,25.977
sh605228,神通科技,1,13.78,13.78
sh605258,协和电子,1,15.548,15.548
sh605286,同力天启,1,-10.542,-10.542
sh605287,德才股份,1,5.554,5.554
sh605388,均瑶健康,1,-2.116,-2.116
sh605398,新炬网络,2,8.98,17.959
sh605580,恒盛能源,1,5.114,5.114
sz000031,大悦城,1,-14.337,-14.337
sz000151,中成股份,1,20.986,20.986
sz000153,丰原药业,1,-3.324,-3.324
sz000159,国际实业,1,8.063,8.063
sz000504,*ST生物,1,19.556,19.556
sz000509,华塑控股,1,16.285,16.285
sz000510,新金路,2,5.653,11.306
sz000514,渝开发,1,1.85,1.85
sz000533,顺钠股份,1,5.226,5.226
sz000541,佛山照明,1,-5.121,-5.121
sz000548,湖南投资,1,2.0,2.0
sz000550,江铃汽车,1,19.252,19.252
sz000551,创元科技,1,-0.978,-0.978
sz000553,安道麦A,1,-0.358,-0.358
sz000559,万向钱潮,1,-5.314,-5.314
sz000565,渝三峡Ａ,1,-3.502,-3.502
sz000576,甘化科工,1,6.467,6.467
sz000586,汇源通信,1,21.511,21.511
sz000592,平潭发展,1,9.062,9.062
sz000593,德龙汇能,1,13.058,13.058
sz000607,华媒控股,1,7.436,7.436
sz000608,*ST阳光,1,0.935,0.935
sz000623,吉林敖东,1,-7.607,-7.607
sz000636,风华高科,1,1.87,1.87
sz000655,金岭矿业,1,-4.329,-4.329
sz000659,珠海中富,1,-0.715,-0.715
sz000663,永安林业,2,1.825,3.65
sz000680,山推股份,1,1.03,1.03
sz000716,黑芝麻,1,-3.322,-3.322
sz000720,新能泰山,1,-2.882,-2.882
sz000733,振华科技,1,2.764,2.764
sz000736,*ST中地,1,-0.128,-0.128
sz000737,北方铜业,1,-8.324,-8.324
sz000753,漳州发展,1,-1.378,-1.378
sz000755,山西高速,1,-2.836,-2.836
sz000762,西藏矿业,1,2.317,2.317
sz000766,通化金马,1,-4.896,-4.896
sz000783,长江证券,1,-8.3,-8.3
sz000788,北大医药,1,0.194,0.194
sz000793,*ST华闻,1,48.725,48.725
sz000803,山高环能,1,3.776,3.776
sz000811,冰轮环境,1,0.291,0.291
sz000818,航锦科技,1,9.631,9.631
sz000825,太钢不锈,1,-5.91,-5.91
sz000859,国风新材,1,1.226,1.226
sz000877,天山股份,1,-14.204,-14.204
sz000880,潍柴重机,1,-18.475,-18.475
sz000902,新洋丰,1,-8.593,-8.593
sz000908,ST景峰,1,45.33,45.33
sz000912,泸天化,1,-4.56,-4.56
sz000913,钱江摩托,1,1.638,1.638
sz000920,沃顿科技,1,-2.812,-2.812
sz000925,众合科技,1,-0.701,-0.701
sz000926,福星股份,1,4.929,4.929
sz000929,*ST兰黄,1,10.63,10.63
sz000930,中粮科技,1,-5.06,-5.06
sz000931,中关村,1,5.226,5.226
sz000952,广济药业,1,7.313,7.313
sz000953,河化股份,1,-6.751,-6.751
sz000960,锡业股份,1,-12.05,-12.05
sz000985,大庆华科,1,-3.479,-3.479
sz001225,和泰机电,1,-6.56,-6.56
sz001226,拓山重工,1,5.465,5.465
sz001228,永泰运,1,-7.746,-7.746
sz001234,泰慕士,1,11.664,11.664
sz001236,弘业期货,1,-2.486,-2.486
sz001278,一彬科技,1,6.172,6.172
sz001286,陕西能源,1,-8.666,-8.666
sz001298,好上好,1,6.305,6.305
sz001306,夏厦精密,1,11.446,11.446
sz001313,粤海饲料,1,3.619,3.619
sz001318,阳光乳业,1,-8.86,-8.86
sz001319,铭科精技,1,8.551,8.551
sz001324,长青科技,1,4.946,4.946
sz001326,联域股份,1,7.524,7.524
sz001331,胜通能源,1,8.255,8.255
sz001339,智微智能,1,-4.109,-4.109
sz001380,华纬科技,1,0.182,0.182
sz001696,宗申动力,2,3.148,6.296
sz001979,招商蛇口,1,2.006,2.006
sz002004,华邦健康,1,-5.289,-5.289
sz002016,世荣兆业,1,5.362,5.362
sz002020,京新药业,1,-1.002,-1.002
sz002031,巨轮智能,1,2.032,2.032
sz002040,南京港,1,-1.881,-1.881
sz002046,国机精工,2,-0.785,-1.57
sz002048,宁波华翔,1,-5.387,-5.387
sz002055,ST得润,1,9.486,9.486
sz002065,东华软件,1,2.596,2.596
sz002066,瑞泰科技,1,2.574,2.574
sz002077,大港股份,1,7.463,7.463
sz002082,ST万邦,1,4.5,4.5
sz002083,孚日股份,1,-4.364,-4.364
sz002084,海鸥住工,1,8.213,8.213
sz002091,江苏国泰,1,-1.214,-1.214
sz002099,海翔药业,1,-4.381,-4.381
sz002106,莱宝高科,1,-2.441,-2.441
sz002107,沃华医药,1,9.034,9.034
sz002116,中国海诚,1,29.455,29.455
sz002131,利欧股份,1,1.852,1.852
sz002134,天津普林,1,7.58,7.58
sz002145,钛能化学,2,6.125,12.25
sz002148,北纬科技,1,11.78,11.78
sz002161,远望谷,1,7.667,7.667
sz002168,ST惠程,1,15.074,15.074
sz002181,粤传媒,1,-14.601,-14.601
sz002183,怡亚通,1,-3.188,-3.188
sz002185,华天科技,1,15.011,15.011
sz002188,中天服务,1,14.578,14.578
sz002189,中光学,1,5.701,5.701
sz002192,融捷股份,1,-0.966,-0.966
sz002203,海亮股份,1,-5.687,-5.687
sz002209,达意隆,1,11.903,11.903
sz002213,大为股份,1,15.198,15.198
sz002217,合力泰,1,51.611,51.611
sz002218,拓日新能,1,-2.801,-2.801
sz002221,东华能源,1,-11.247,-11.247
sz002258,利尔化学,1,-4.868,-4.868
sz002264,新华都,1,4.199,4.199
sz002272,川润股份,1,8.418,8.418
sz002277,友阿股份,1,5.755,5.755
sz002286,保龄宝,1,2.534,2.534
sz002290,禾盛新材,1,17.298,17.298
sz002312,川发龙蟒,1,8.958,8.958
sz002323,*ST雅博,1,3.043,3.043
sz002338,奥普光电,1,3.485,3.485
sz002339,积成电子,2,10.721,21.443
sz002340,格林美,1,-1.362,-1.362
sz002348,高乐股份,1,-0.171,-0.171
sz002356,赫美集团,1,16.147,16.147
sz002364,中恒电气,1,10.19,10.19
sz002365,永安药业,1,2.517,2.517
sz002369,卓翼科技,1,18.786,18.786
sz002375,亚厦股份,1,-3.403,-3.403
sz002377,国创高新,1,-4.099,-4.099
sz002385,大北农,1,-5.019,-5.019
sz002388,新亚制程,1,-2.889,-2.889
sz002398,垒知集团,2,-1.203,-2.407
sz002400,省广集团,1,10.042,10.042
sz002401,中远海科,1,7.539,7.539
sz002408,齐翔腾达,1,0.097,0.097
sz002412,汉森制药,1,-3.835,-3.835
sz002414,高德红外,1,-0.544,-0.544
sz002418,康盛股份,1,6.503,6.503
sz002420,毅昌科技,1,14.889,14.889
sz002434,万里扬,1,2.096,2.096
sz002436,兴森科技,1,5.842,5.842
sz002440,闰土股份,1,-4.783,-4.783
sz002443,金洲管道,1,-5.687,-5.687
sz002451,摩恩电气,1,-8.794,-8.794
sz002452,长高电新,1,-4.756,-4.756
sz002460,赣锋锂业,1,-0.973,-0.973
sz002478,常宝股份,1,3.432,3.432
sz002491,通鼎互联,1,2.494,2.494
sz002494,华斯股份,1,-2.837,-2.837
sz002500,山西证券,1,-6.841,-6.841
sz002501,*ST利源,1,3.608,3.608
sz002511,中顺洁柔,1,-3.903,-3.903
sz002513,蓝丰生化,1,13.511,13.511
sz002519,银河电子,1,4.311,4.311
sz002524,光正眼科,1,7.913,7.913
sz002526,山东矿机,1,0.984,0.984
sz002529,*ST海源,1,19.128,19.128
sz002532,天山铝业,1,-4.4,-4.4
sz002536,飞龙股份,1,3.05,3.05
sz002537,海联金汇,1,1.741,1.741
sz002539,云图控股,1,-1.06,-1.06
sz002544,普天科技,1,-8.477,-8.477
sz002551,尚荣医疗,1,5.226,5.226
sz002556,辉隆股份,1,9.528,9.528
sz002559,亚威股份,1,5.568,5.568
sz002561,徐家汇,1,-11.202,-11.202
sz002566,益盛药业,1,1.873,1.873
sz002580,圣阳股份,1,1.266,1.266
sz002581,*ST未名,1,2.223,2.223
sz002596,海南瑞泽,1,7.311,7.311
sz002598,ST章鼓,1,4.778,4.778
sz002607,中公教育,1,-2.635,-2.635
sz002616,长青集团,1,1.194,1.194
sz002617,露笑科技,1,0.113,0.113
sz002631,德尔未来,1,5.175,5.175
sz002633,申科股份,1,1.63,1.63
sz002636,金安国纪,1,10.082,10.082
sz002638,勤上股份,1,29.967,29.967
sz002648,卫星化学,1,-1.231,-1.231
sz002652,扬子新材,1,12.312,12.312
sz002662,峰璟股份,1,-3.763,-3.763
sz002668,TCL智家,1,-1.08,-1.08
sz002671,龙泉股份,1,3.638,3.638
sz002673,西部证券,1,-11.925,-11.925
sz002676,顺威股份,1,3.732,3.732
sz002685,华东重机,1,-7.403,-7.403
sz002688,金河生物,1,0.404,0.404
sz002691,*ST冀凯,2,3.186,6.373
sz002693,*ST双成,1,11.6,11.6
sz002698,博实股份,1,2.465,2.465
sz002712,思美传媒,1,21.596,21.596
sz002715,登云股份,2,17.57,35.139
sz002717,*ST岭南,2,8.026,16.052
sz002719,ST麦趣,1,-1.653,-1.653
sz002723,小崧股份,1,-8.54,-8.54
sz002724,海洋王,1,-10.708,-10.708
sz002730,电光科技,1,9.559,9.559
sz002732,燕塘乳业,1,-1.545,-1.545
sz002734,利民股份,1,-0.423,-0.423
sz002738,中矿资源,1,-3.416,-3.416
sz002759,天际股份,1,-0.774,-0.774
sz002766,索菱股份,1,12.599,12.599
sz002774,快意电梯,1,10.299,10.299
sz002786,银宝山新,1,-4.916,-4.916
sz002787,华源控股,2,1.053,2.107
sz002795,永和智控,2,11.963,23.926
sz002796,世嘉科技,1,15.942,15.942
sz002802,洪汇新材,1,12.874,12.874
sz002809,红墙股份,1,1.168,1.168
sz002811,郑中设计,1,13.279,13.279
sz002817,黄山胶囊,1,3.989,3.989
sz002823,凯中精密,1,5.664,5.664
sz002824,和胜股份,1,-0.387,-0.387
sz002826,易明医药,1,7.858,7.858
sz002829,星网宇达,1,37.614,37.614
sz002830,名雕股份,1,10.629,10.629
sz002836,新宏泽,1,20.158,20.158
sz002842,翔鹭钨业,1,11.234,11.234
sz002846,英联股份,1,14.058,14.058
sz002848,*ST高斯,1,15.484,15.484
sz002855,捷荣技术,1,-5.002,-5.002
sz002858,力盛体育,1,12.139,12.139
sz002863,今飞凯达,1,3.767,3.767
sz002864,盘龙药业,1,0.914,0.914
sz002873,新天药业,1,-9.696,-9.696
sz002878,元隆雅图,1,14.181,14.181
sz002879,长缆科技,1,-2.425,-2.425
sz002889,东方嘉盛,1,8.881,8.881
sz002890,弘宇股份,1,-1.659,-1.659
sz002892,科力尔,1,10.067,10.067
sz002898,*ST赛隆,1,7.006,7.006
sz002900,哈三联,1,3.598,3.598
sz002915,中欣氟材,1,3.445,3.445
sz002923,润都股份,1,9.98,9.98
sz002927,泰永长征,1,9.552,9.552
sz002930,宏川智慧,1,-5.069,-5.069
sz002932,*ST明德,2,-0.886,-1.772
sz002946,新乳业,1,2.003,2.003
sz002947,恒铭达,1,8.277,8.277
sz002950,奥美医疗,1,-10.774,-10.774
sz002960,青鸟智控,1,-0.892,-0.892
sz002968,新大正,1,4.505,4.505
sz002972,科安达,1,10.809,10.809
sz002977,*ST天箭,1,2.046,2.046
sz002990,盛视科技,1,8.317,8.317
sz002992,宝明科技,2,-7.388,-14.776
sz002996,顺博合金,1,10.875,10.875
sz002998,优彩资源,1,4.245,4.245
sz003019,宸展光电,1,1.983,1.983
sz003023,彩虹集团,1,-0.334,-0.334
sz003026,中晶科技,1,-7.115,-7.115
sz003041,真爱美家,1,4.01,4.01
sz003043,华亚智能,2,4.767,9.534
sz300006,莱美药业,1,5.755,5.755
sz300016,北陆药业,1,8.216,8.216
sz300026,红日药业,1,-3.715,-3.715
sz300030,阳普医疗,1,15.26,15.26
sz300035,中科电气,1,-1.815,-1.815
sz300050,世纪鼎利,1,24.567,24.567
sz300051,琏升科技,1,4.709,4.709
sz300066,三川智慧,1,2.659,2.659
sz300067,安诺其,1,51.588,51.588
sz300071,福石控股,1,16.458,16.458
sz300077,国民技术,1,20.281,20.281
sz300078,思创智联,1,47.073,47.073
sz300081,ST恒信,1,7.805,7.805
sz300082,奥克股份,1,9.178,9.178
sz300083,创世纪,1,0.611,0.611
sz300088,长信科技,1,2.249,2.249
sz300091,*ST金灵,1,15.34,15.34
sz300095,华伍股份,1,-1.335,-1.335
sz300097,智云股份,1,21.148,21.148
sz300100,双林股份,1,10.741,10.741
sz300126,锐奇股份,1,2.135,2.135
sz300127,银河磁体,1,-9.469,-9.469
sz300128,锦富技术,1,12.762,12.762
sz300130,新国都,1,2.771,2.771
sz300137,先河环保,1,8.944,8.944
sz300141,和顺电气,1,9.85,9.85
sz300143,盈康生命,1,2.454,2.454
sz300147,*ST香雪,1,2.968,2.968
sz300149,睿智医药,1,12.267,12.267
sz300152,*ST动力,1,27.031,27.031
sz300154,瑞凌股份,1,4.133,4.133
sz300155,安居宝,1,25.015,25.015
sz300157,新锦动力,1,32.226,32.226
sz300162,雷曼光电,1,10.847,10.847
sz300163,先锋新材,1,-4.905,-4.905
sz300167,ST迪威迅,1,-13.934,-13.934
sz300168,万达信息,1,2.029,2.029
sz300171,东富龙,1,-5.17,-5.17
sz300172,中电环保,1,2.763,2.763
sz300175,ST朗源,1,-4.011,-4.011
sz300176,鸿特科技,2,3.887,7.775
sz300179,四方达,1,-1.056,-1.056
sz300183,东软载波,1,1.85,1.85
sz300191,潜能恒信,2,-2.942,-5.884
sz300198,*ST纳川,2,8.281,16.562
sz300203,聚光科技,1,4.361,4.361
sz300204,舒泰神,1,4.821,4.821
sz300205,*ST天喻,1,-2.211,-2.211
sz300211,*ST亿通,1,24.077,24.077
sz300214,日科化学,1,0.034,0.034
sz300215,电科院,1,4.702,4.702
sz300225,*ST金泰,1,-6.357,-6.357
sz300227,光韵达,1,-6.369,-6.369
sz300229,拓尔思,1,-3.99,-3.99
sz300231,银信科技,1,8.959,8.959
sz300233,金城医药,1,-1.387,-1.387
sz300238,冠昊生物,1,4.794,4.794
sz300239,东宝生物,1,1.726,1.726
sz300240,飞力达,1,3.749,3.749
sz300241,瑞丰光电,1,13.901,13.901
sz300242,佳云科技,1,15.778,15.778
sz300245,ST天玑,1,12.259,12.259
sz300246,宝莱特,1,11.559,11.559
sz300257,开山股份,1,-4.762,-4.762
sz300270,中威电子,1,64.544,64.544
sz300272,开能健康,1,-3.844,-3.844
sz300279,和晶科技,1,11.133,11.133
sz300281,金明精机,1,11.645,11.645
sz300283,温州宏丰,1,9.278,9.278
sz300287,飞利信,1,6.882,6.882
sz300291,百纳千成,1,25.17,25.17
sz300292,吴通控股,1,2.413,2.413
sz300293,蓝英装备,1,24.556,24.556
sz300294,博雅生物,1,-6.738,-6.738
sz300296,利亚德,1,-1.967,-1.967
sz300302,同有科技,1,7.408,7.408
sz300305,裕兴股份,1,8.575,8.575
sz300306,远方信息,1,-4.121,-4.121
sz300307,慈星股份,1,4.899,4.899
sz300314,戴维医疗,1,-1.989,-1.989
sz300315,掌趣科技,1,-2.4,-2.4
sz300318,博晖创新,1,-2.048,-2.048
sz300320,海达股份,1,-2.607,-2.607
sz300322,硕贝德,1,35.138,35.138
sz300323,华灿光电,1,4.914,4.914
sz300326,ST凯利,1,-6.944,-6.944
sz300328,宜安科技,1,2.598,2.598
sz300329,海伦钢琴,2,4.166,8.332
sz300333,兆日科技,1,21.032,21.032
sz300334,津膜科技,1,4.32,4.32
sz300337,银邦股份,1,3.089,3.089
sz300338,*ST开元,1,46.673,46.673
sz300340,科恒股份,1,9.518,9.518
sz300345,华民股份,1,5.29,5.29
sz300346,南大光电,1,2.744,2.744
sz300371,汇中股份,1,4.369,4.369
sz300380,安硕信息,1,-6.708,-6.708
sz300381,溢多利,1,6.498,6.498
sz300385,ST雪浪,1,13.88,13.88
sz300386,飞天诚信,1,14.63,14.63
sz300389,艾比森,1,6.491,6.491
sz300399,天利科技,1,13.372,13.372
sz300400,劲拓股份,1,15.506,15.506
sz300404,博济医药,1,23.007,23.007
sz300405,科隆股份,1,-13.562,-13.562
sz300409,道氏技术,1,-6.035,-6.035
sz300410,正业科技,1,30.838,30.838
sz300412,迦南科技,1,15.043,15.043
sz300414,中光防雷,1,6.439,6.439
sz300417,南华仪器,2,13.805,27.61
sz300419,ST浩丰,1,38.781,38.781
sz300420,五洋自控,1,-3.931,-3.931
sz300421,力星股份,1,5.636,5.636
sz300422,博世科,1,-1.425,-1.425
sz300424,航新科技,1,7.216,7.216
sz300427,红相股份,1,1.092,1.092
sz300429,强力新材,2,5.657,11.315
sz300439,美康生物,1,-7.879,-7.879
sz300446,航天智造,1,1.847,1.847
sz300447,全信股份,1,3.905,3.905
sz300456,赛微电子,1,-3.075,-3.075
sz300460,ST惠伦,1,16.29,16.29
sz300462,ST华铭,1,12.608,12.608
sz300463,迈克生物,1,-1.926,-1.926
sz300466,赛摩智能,1,14.953,14.953
sz300467,迅游科技,1,13.079,13.079
sz300468,四方精创,1,6.054,6.054
sz300469,信息发展,3,3.275,9.826
sz300470,中密控股,1,-9.974,-9.974
sz300472,*ST新元,1,20.409,20.409
sz300478,杭州高新,1,-1.901,-1.901
sz300481,濮阳惠成,1,2.084,2.084
sz300483,首华燃气,1,-2.109,-2.109
sz300484,蓝海华腾,1,9.365,9.365
sz300491,通合科技,1,-0.607,-0.607
sz300493,润欣科技,1,8.977,8.977
sz300500,启迪设计,1,15.746,15.746
sz300504,天邑股份,1,2.532,2.532
sz300506,ST名家汇,1,22.814,22.814
sz300508,维宏股份,1,13.279,13.279
sz300509,新美星,1,15.434,15.434
sz300511,雪榕生物,1,7.136,7.136
sz300514,友讯达,1,4.257,4.257
sz300515,三德科技,1,5.626,5.626
sz300516,久之洋,1,-3.222,-3.222
sz300518,新迅达,1,21.599,21.599
sz300519,新光药业,1,4.827,4.827
sz300522,世名科技,1,4.482,4.482
sz300525,博思软件,1,1.81,1.81
sz300529,健帆生物,1,-5.018,-5.018
sz300530,领湃科技,2,-0.701,-1.402
sz300531,优博讯,2,6.405,12.809
sz300535,达威股份,1,-7.131,-7.131
sz300539,横河精密,1,16.194,16.194
sz300542,新晨科技,1,15.606,15.606
sz300543,朗科智能,1,9.483,9.483
sz300546,雄帝科技,1,15.204,15.204
sz300549,优德精密,1,19.057,19.057
sz300550,和仁科技,1,-4.498,-4.498
sz300552,万集科技,1,21.974,21.974
sz300554,三超新材,1,17.178,17.178
sz300557,理工光科,1,-4.502,-4.502
sz300558,贝达药业,1,-4.794,-4.794
sz300562,乐心医疗,1,9.139,9.139
sz300564,筑博设计,1,12.91,12.91
sz300578,会畅科技,2,31.996,63.992
sz300579,数字认证,1,-2.354,-2.354
sz300580,贝斯特,1,24.041,24.041
sz300582,英飞特,1,9.37,9.37
sz300584,海辰药业,1,0.774,0.774
sz300585,奥联电子,1,10.363,10.363
sz300589,江龙船艇,1,-2.221,-2.221
sz300598,诚迈科技,1,2.233,2.233
sz300609,汇纳科技,1,-10.029,-10.029
sz300611,美力科技,1,3.891,3.891
sz300615,欣天科技,2,20.23,40.461
sz300619,金银河,2,-5.68,-11.36
sz300621,维业股份,1,15.108,15.108
sz300626,华瑞股份,1,20.138,20.138
sz300632,光莆股份,1,-3.68,-3.68
sz300637,扬帆新材,1,27.985,27.985
sz300638,广和通,1,-8.328,-8.328
sz300639,凯普生物,1,-1.753,-1.753
sz300641,正丹股份,2,0.069,0.138
sz300642,透景生命,1,2.36,2.36
sz300644,南京聚隆,1,5.148,5.148
sz300645,正元智慧,1,21.893,21.893
sz300647,超频三,1,17.085,17.085
sz300649,杭州园林,1,13.507,13.507
sz300652,雷迪克,1,8.807,8.807
sz300653,正海生物,1,-2.624,-2.624
sz300655,晶瑞电材,1,5.516,5.516
sz300666,江丰电子,1,1.787,1.787
sz300670,大烨智能,1,23.443,23.443
sz300678,中科信息,1,2.498,2.498
sz300679,电连技术,1,0.556,0.556
sz300681,英搏尔,1,-0.028,-0.028
sz300686,智动力,1,20.805,20.805
sz300697,电工合金,1,5.977,5.977
sz300698,万马科技,1,8.063,8.063
sz300701,森霸传感,1,9.819,9.819
sz300702,天宇股份,1,2.304,2.304
sz300709,精研科技,1,10.217,10.217
sz300710,万隆光电,1,2.111,2.111
sz300713,英可瑞,1,17.152,17.152
sz300716,*ST泉为,1,54.506,54.506
sz300721,怡达股份,1,15.901,15.901
sz300723,一品红,1,-1.44,-1.44
sz300726,宏达电子,1,2.645,2.645
sz300731,科创新源,1,24.871,24.871
sz300732,设研院,1,20.992,20.992
sz300736,百邦科技,1,14.968,14.968
sz300739,明阳电路,1,6.068,6.068
sz300741,华宝股份,1,-2.548,-2.548
sz300746,汉嘉数智,1,15.158,15.158
sz300749,顶固集创,1,15.958,15.958
sz300750,宁德时代,1,16.577,16.577
sz300752,隆利科技,1,15.035,15.035
sz300753,爱朋医疗,1,14.491,14.491
sz300758,七彩化学,1,0.837,0.837
sz300762,上海瀚讯,2,-9.605,-19.21
sz300767,震安科技,1,-2.948,-2.948
sz300771,智莱科技,1,-16.441,-16.441
sz300779,惠城环保,1,6.349,6.349
sz300780,德恩精工,1,37.446,37.446
sz300781,因赛集团,1,-3.625,-3.625
sz300786,国林科技,1,-0.996,-0.996
sz300788,中信出版,1,1.512,1.512
sz300789,唐源电气,1,1.032,1.032
sz300796,贝斯美,1,0.643,0.643
sz300807,天迈科技,1,41.136,41.136
sz300809,华辰装备,1,-4.678,-4.678
sz300812,易天股份,1,-7.027,-7.027
sz300813,泰林生物,2,6.005,12.011
sz300817,双飞集团,1,6.026,6.026
sz300822,贝仕达克,2,4.205,8.409
sz300823,建科智能,1,9.49,9.49
sz300825,阿尔特,1,9.978,9.978
sz300826,测绘股份,1,10.111,10.111
sz300828,锐新科技,1,13.72,13.72
sz300829,金丹科技,1,2.23,2.23
sz300830,金现代,1,14.38,14.38
sz300831,派瑞股份,2,-1.534,-3.069
sz300843,胜蓝股份,1,16.038,16.038
sz300844,山水比德,1,29.248,29.248
sz300845,捷安高科,1,25.461,25.461
sz300846,首都在线,1,-0.48,-0.48
sz300847,中船汉光,1,26.971,26.971
sz300850,新强联,1,-11.111,-11.111
sz300854,中兰环保,2,7.016,14.032
sz300857,协创数据,1,-3.545,-3.545
sz300860,锋尚文化,2,-4.401,-8.802
sz300862,蓝盾光电,1,-0.427,-0.427
sz300864,南大环境,1,-0.774,-0.774
sz300865,大宏立,1,22.025,22.025
sz300868,杰美特,1,15.489,15.489
sz300871,回盛生物,1,2.713,2.713
sz300878,维康药业,1,7.146,7.146
sz300879,大叶股份,1,19.888,19.888
sz300880,迦南智能,1,6.603,6.603
sz300881,盛德鑫泰,1,3.017,3.017
sz300882,万胜智能,2,-1.255,-2.51
sz300884,狄耐克,1,7.423,7.423
sz300885,海昌新材,1,12.039,12.039
sz300891,惠云钛业,2,-0.74,-1.48
sz300892,品渥食品,1,14.632,14.632
sz300900,广联航空,1,-8.197,-8.197
sz300903,科翔股份,1,46.002,46.002
sz300904,威力传动,1,-2.526,-2.526
sz300906,日月明,1,-2.426,-2.426
sz300907,康平科技,1,0.297,0.297
sz300912,凯龙高科,2,7.902,15.804
sz300920,润阳科技,1,8.179,8.179
sz300921,南凌科技,2,14.67,29.34
sz300922,天秦装备,1,10.219,10.219
sz300923,研奥股份,1,12.929,12.929
sz300927,江天化学,1,9.731,9.731
sz300928,华安鑫创,1,16.369,16.369
sz300931,通用电梯,1,13.014,13.014
sz300935,盈建科,1,29.875,29.875
sz300937,药易购,1,4.921,4.921
sz300939,秋田微,1,0.286,0.286
sz300945,曼卡龙,1,7.454,7.454
sz300947,德必集团,2,2.753,5.506
sz300951,博硕科技,1,7.135,7.135
sz300953,震裕科技,1,-1.262,-1.262
sz300956,英力股份,1,25.353,25.353
sz300960,通业科技,1,15.542,15.542
sz300962,中金辐照,1,7.242,7.242
sz300963,中洲特材,1,-1.715,-1.715
sz300964,本川智能,1,31.326,31.326
sz300967,晓鸣股份,1,7.944,7.944
sz300970,华绿生物,1,6.851,6.851
sz300978,东箭科技,1,0.715,0.715
sz300981,中红医疗,1,-6.713,-6.713
sz300986,志特新材,1,15.978,15.978
sz300988,津荣天宇,1,8.562,8.562
sz300991,创益通,1,18.797,18.797
sz300992,泰福泵业,1,6.253,6.253
sz300993,玉马科技,1,-18.24,-18.24
sz300994,久祺股份,1,5.931,5.931
sz300995,奇德新材,1,18.723,18.723
sz300996,普联软件,1,7.797,7.797
sz301005,超捷股份,1,-2.418,-2.418
sz301006,迈拓股份,1,-1.668,-1.668
sz301007,德迈仕,1,15.859,15.859
sz301008,宏昌科技,1,9.047,9.047
sz301010,晶雪节能,1,14.035,14.035
sz301015,百洋医药,1,-1.185,-1.185
sz301016,雷尔伟,2,46.371,92.742
sz301022,海泰科,1,11.194,11.194
sz301023,奕帆传动,1,10.196,10.196
sz301025,读客文化,1,20.298,20.298
sz301027,华蓝集团,1,16.083,16.083
sz301032,新柴股份,1,12.693,12.693
sz301033,迈普医学,1,3.051,3.051
sz301037,保立佳,1,19.226,19.226
sz301040,中环海陆,1,13.909,13.909
sz301042,安联锐视,1,35.094,35.094
sz301049,超越科技,1,20.786,20.786
sz301052,果麦文化,1,25.984,25.984
sz301056,森赫股份,1,9.162,9.162
sz301060,兰卫医学,1,-8.016,-8.016
sz301063,海锅股份,1,8.951,8.951
sz301068,大地海洋,1,-6.126,-6.126
sz301072,中捷精工,1,31.008,31.008
sz301075,多瑞医药,1,12.599,12.599
sz301079,邵阳液压,1,13.766,13.766
sz301080,百普赛斯,1,-3.22,-3.22
sz301082,久盛电气,1,11.592,11.592
sz301085,亚康股份,2,3.038,6.076
sz301087,可孚医疗,1,-6.11,-6.11
sz301091,深城交,1,27.124,27.124
sz301095,广立微,1,-5.36,-5.36
sz301099,雅创电子,2,3.375,6.75
sz301101,明月镜片,2,-0.997,-1.993
sz301102,兆讯传媒,2,-0.014,-0.027
sz301106,骏成科技,1,9.108,9.108
sz301107,瑜欣电子,1,20.084,20.084
sz301111,粤万年青,1,22.185,22.185
sz301112,信邦智能,1,-8.874,-8.874
sz301116,益客食品,1,4.464,4.464
sz301117,佳缘科技,1,15.166,15.166
sz301119,正强股份,1,5.201,5.201
sz301122,采纳股份,1,7.99,7.99
sz301123,奕东电子,1,5.603,5.603
sz301125,腾亚精工,1,17.896,17.896
sz301126,达嘉维康,1,9.695,9.695
sz301127,武汉天源,1,-1.706,-1.706
sz301128,强瑞技术,1,22.644,22.644
sz301129,瑞纳智能,1,13.531,13.531
sz301130,西点药业,1,6.08,6.08
sz301132,满坤科技,1,9.516,9.516
sz301135,瑞德智能,1,23.2,23.2
sz301136,招标股份,2,2.908,5.817
sz301138,华研精机,1,15.816,15.816
sz301139,*ST元道,1,14.073,14.073
sz301141,中科磁业,1,-4.623,-4.623
sz301150,中一科技,1,10.885,10.885
sz301153,中科江南,1,0.604,0.604
sz301155,海力风电,1,-3.557,-3.557
sz301156,美农生物,1,7.49,7.49
sz301158,德石股份,1,0.475,0.475
sz301163,宏德股份,1,9.291,9.291
sz301167,建研设计,1,9.969,9.969
sz301171,易点天下,1,-2.944,-2.944
sz301178,天亿马,1,19.543,19.543
sz301179,泽宇智能,1,7.493,7.493
sz301181,标榜股份,1,1.446,1.446
sz301182,凯旺科技,1,24.622,24.622
sz301183,东田微,1,42.086,42.086
sz301185,鸥玛软件,1,6.675,6.675
sz301192,泰祥股份,1,17.963,17.963
sz301195,北路智控,1,6.84,6.84
sz301197,工大科雅,1,12.883,12.883
sz301199,迈赫股份,1,16.743,16.743
sz301200,大族数控,1,11.577,11.577
sz301209,联合化学,1,12.747,12.747
sz301213,观想科技,1,16.223,16.223
sz301217,铜冠铜箔,1,1.923,1.923
sz301226,祥明智能,1,9.809,9.809
sz301227,森鹰窗业,1,11.143,11.143
sz301228,实朴检测,1,21.665,21.665
sz301231,荣信文化,1,29.851,29.851
sz301234,五洲医疗,1,6.701,6.701
sz301235,华康洁净,1,-0.433,-0.433
sz301246,宏源药业,1,-2.275,-2.275
sz301248,杰创智能,1,16.679,16.679
sz301255,通力科技,1,17.782,17.782
sz301268,铭利达,1,-2.676,-2.676
sz301279,金道科技,1,4.149,4.149
sz301288,清研环境,1,11.19,11.19
sz301290,东星医疗,1,-5.872,-5.872
sz301306,西测测试,1,29.597,29.597
sz301308,江波龙,1,12.943,12.943
sz301312,智立方,1,8.071,8.071
sz301313,凡拓数创,1,-4.613,-4.613
sz301317,鑫磊股份,1,4.96,4.96
sz301318,维海德,1,-6.483,-6.483
sz301319,唯特偶,1,3.669,3.669
sz301321,翰博高新,1,16.02,16.02
sz301323,新莱福,1,3.078,3.078
sz301330,熵基科技,1,-3.431,-3.431
sz301338,凯格精机,1,7.124,7.124
sz301339,通行宝,1,4.797,4.797
sz301349,信德新材,1,-0.081,-0.081
sz301353,普莱得,1,10.818,10.818
sz301359,东南电子,1,10.398,10.398
sz301366,一博科技,1,10.348,10.348
sz301369,联动科技,1,6.349,6.349
sz301373,凌玮科技,1,1.874,1.874
sz301377,鼎泰高科,2,1.287,2.573
sz301378,通达海,2,23.302,46.603
sz301379,天山电子,1,9.75,9.75
sz301380,挖金客,1,-16.205,-16.205
sz301383,天键股份,2,5.1,10.2
sz301387,光大同创,1,3.111,3.111
sz301389,隆扬电子,1,5.247,5.247
sz301396,宏景科技,1,8.177,8.177
sz301397,溯联股份,2,3.357,6.714
sz301399,英特科技,2,8.824,17.649
sz301408,华人健康,1,-6.043,-6.043
sz301419,阿莱德,1,23.436,23.436
sz301429,森泰股份,1,9.193,9.193
sz301446,福事特,1,5.183,5.183
sz301469,恒达新材,1,-22.481,-22.481
sz301488,豪恩汽电,1,6.816,6.816
sz301489,思泉新材,1,13.995,13.995
sz301500,飞南资源,1,-1.823,-1.823
sz301515,港通医疗,1,3.989,3.989
sz301518,长华化学,1,5.279,5.279
sz301550,斯菱智驱,1,-1.911,-1.911
