stock_code,stock_name,event_date,event_close,fwd_5d,bench_5d,excess
sh600052,东望时代,2024-02-08,3.05,0.17628205128205132,0.10774231446823755,0.06853973681381377
sh600055,万东医疗,2024-02-06,13.05,0.08966565349544076,0.11450102384612285,-0.02483537035068209
sh600058,五矿发展,2024-02-06,8.09,0.05583126550868478,0.11450102384612285,-0.058669758337438066
sh600097,开创国际,2024-01-24,10.36,0.07920792079207928,-0.07349747725137945,0.15270539804345873
sh600111,北方稀土,2024-02-06,17.39,0.04545454545454519,0.11450102384612285,-0.06904647839157765
sh600113,浙江东日,2024-02-08,5.64,0.14086956521739125,0.10774231446823755,0.033127250749153694
sh600127,金健米业,2024-04-19,6.85,-0.004511278195488799,0.03955355900649261,-0.044064837201981406
sh600148,长春一东,2024-02-08,10.8,0.20169651272384548,0.10774231446823755,0.09395419825560793
sh600151,航天机电,2024-02-07,4.63,0.1444444444444446,0.1653464357292659,-0.020901991284821314
sh600152,维科技术,2024-02-08,4.33,0.2229885057471266,0.10774231446823755,0.11524619127888903
sh600178,东安动力,2024-08-14,8.87,-0.13310580204778144,-0.015951594688192912,-0.11715420735958854
sh600180,*ST瑞茂,2024-04-17,4.82,-0.008298755186721962,0.010772082477567526,-0.019070837664289488
sh600203,福日电子,2024-02-08,4.07,0.2810945273631844,0.10774231446823755,0.17335221289494684
sh600211,西藏药业,2024-05-06,40.37,-0.06702025072324003,-0.017111360064864238,-0.04990889065837579
sh600221,海航控股,2024-07-01,1.12,-0.00877192982456143,-0.049257056041992556,0.040485126217431125
sh600222,太龙药业,2024-02-08,4.22,0.13647058823529412,0.10774231446823755,0.02872827376705657
sh600229,城市传媒,2024-02-08,5.7,0.1360655737704919,0.10774231446823755,0.028323259302254336
sh600231,凌钢股份,2024-06-26,1.35,-0.007299270072992692,-0.006624691586786048,-0.0006745784862066439
sh600287,苏豪时尚,2024-02-08,3.83,0.21243523316062163,0.10774231446823755,0.10469291869238408
sh600288,大恒科技,2024-02-08,6.78,0.22967189728958615,0.10774231446823755,0.1219295828213486
sh600322,津投城开,2024-07-25,1.3,0.03053435114503822,0.057239007557008184,-0.026704656411969965
sh600331,宏达股份,2024-02-02,4.66,0.1633986928104576,0.03027376145763716,0.13312493135282044
sh600337,ST美克,2024-06-18,2.19,-0.0547945205479452,-0.0631713633269369,0.0083768427789917
sh600338,西藏珠峰,2024-02-07,8.65,0.10344827586206895,0.1653464357292659,-0.06189815986719696
sh600340,*ST华幸,2024-04-29,1.18,-0.016528925619834767,0.023588695647615815,-0.04011762126745058
sh600345,长江通信,2024-02-05,17.28,0.33860759493670867,0.15587810637127142,0.18272948856543725
sh600379,宝光股份,2024-02-06,7.35,0.030423280423280463,0.11450102384612285,-0.08407774342284238
sh600388,龙净环保,2024-02-05,10.88,0.09869646182495351,0.15587810637127142,-0.05718164454631791
sh600389,江山股份,2024-02-06,12.47,0.06077348066298338,0.11450102384612285,-0.053727543183139465
sh600455,博通股份,2024-02-08,14.8,0.23087159015302738,0.10774231446823755,0.12312927568478983
sh600470,六国化工,2024-02-08,3.79,0.15926892950391647,0.10774231446823755,0.051526615035678916
sh600488,津药药业,2024-02-08,3.59,0.10526315789473695,0.10774231446823755,-0.0024791565735006044
sh600493,凤竹纺织,2024-06-07,4.65,-0.05364806866952787,0.009964661126142178,-0.06361272979567005
sh600513,联环药业,2024-02-06,7.82,0.057251908396946494,0.11450102384612285,-0.05724911544917635
sh600531,豫光金铅,2024-05-28,7.59,-0.014705882352941235,-0.022574647537958622,0.007868765185017387
sh600545,卓郎智能,2024-02-08,1.72,0.2558139534883721,0.10774231446823755,0.14807163902013454
sh600549,厦门钨业,2024-02-06,15.37,0.04737183646982479,0.11450102384612285,-0.06712918737629806
sh600562,国睿科技,2024-02-06,10.81,0.155268022181146,0.11450102384612285,0.04076699833502315
sh600567,山鹰国际,2024-06-24,1.44,0.10869565217391308,0.026510833036389035,0.08218481913752404
sh600587,新华医疗,2024-02-06,19.09,0.11592689295039182,0.11450102384612285,0.0014258691042689786
sh600594,益佰制药,2024-02-08,4.38,0.05215419501133778,0.10774231446823755,-0.05558811945689977
sh600596,新安股份,2024-02-06,7.36,0.08672086720867211,0.11450102384612285,-0.02778015663745073
sh600605,汇通能源,2024-02-08,14.74,0.33268101761252433,0.10774231446823755,0.22493870314428677
sh600629,华建集团,2024-01-23,4.93,0.1974169741697418,-0.014391617888930492,0.21180859205867228
sh600638,新黄浦,2024-01-24,5.25,-0.15743944636678198,-0.07349747725137945,-0.08394196911540253
sh600639,浦东金桥,2024-01-23,10.13,0.2642045454545454,-0.014391617888930492,0.2785961633434759
sh600640,国脉文化,2024-06-26,10.91,-0.045454545454545525,-0.006624691586786048,-0.03882985386775948
sh600644,乐山电力,2024-02-08,4.89,0.13617886178861793,0.10774231446823755,0.02843654732038038
sh600645,中源协和,2024-02-06,14.57,0.1153846153846152,0.11450102384612285,0.000883591538492351
sh600650,锦江在线,2024-01-24,9.55,-0.022289766970617908,-0.07349747725137945,0.05120771028076154
sh600653,申华控股,2024-05-30,1.27,0.20155038759689914,-0.07316361977855902,0.27471400737545815
sh600661,昂立教育,2024-02-08,7.57,0.1860744297719088,0.10774231446823755,0.07833211530367125
sh600662,外服控股,2024-02-07,4.43,0.049438202247190866,0.1653464357292659,-0.11590823348207505
sh600665,天地源,2024-02-19,2.42,0.18828451882845165,0.10083660405532106,0.08744791477313059
sh600690,海尔智家,2024-07-26,27.39,-0.0434782608695653,0.02799754620360722,-0.07147580707317253
sh600696,*ST岩石,2024-02-08,11.07,0.215878679750223,0.10774231446823755,0.10813636528198546
sh600697,欧亚集团,2024-04-17,11.36,-0.07085916740478293,0.010772082477567526,-0.08163124988235046
sh600698,湖南天雁,2024-02-08,3.57,0.23743016759776525,0.10774231446823755,0.12968785312952769
sh600714,金瑞矿业,2024-02-08,5.43,0.1978798586572439,0.10774231446823755,0.09013754418900634
sh600715,文投控股,2024-02-08,1.27,0.4444444444444444,0.10774231446823755,0.33670212997620685
sh600721,百花医药,2024-01-11,7.91,-0.08996088657105605,-0.04235227316176667,-0.04760861340928938
sh600746,江苏索普,2024-02-07,5.36,0.08576642335766427,0.1653464357292659,-0.07958001237160164
sh600793,宜宾纸业,2024-02-08,7.94,0.11627906976744184,0.10774231446823755,0.008536755299204293
sh600802,福建水泥,2024-02-08,3.17,0.18296529968454256,0.10774231446823755,0.07522298521630501
sh600829,人民同泰,2024-02-08,5.7,0.10608695652173927,0.10774231446823755,-0.0016553579464982787
sh600831,广电网络,2024-02-08,3.44,0.18338108882521476,0.10774231446823755,0.0756387743569772
sh600854,春兰股份,2024-02-08,3.55,0.14084507042253525,0.10774231446823755,0.033102755954297694
sh600866,星湖科技,2024-02-08,4.05,0.0370370370370372,0.10774231446823755,-0.07070527743120035
sh600869,远东股份,2024-07-17,2.95,0.10402684563758391,-0.01706051799840814,0.12108736363599205
sh600884,杉杉股份,2024-02-05,10.22,0.14054600606673384,0.15587810637127142,-0.015332100304537577
sh600965,*ST福成,2024-02-08,4.33,0.11778290993071594,0.10774231446823755,0.010040595462478388
sh600966,博汇纸业,2024-02-07,5.09,0.09459459459459474,0.1653464357292659,-0.07075184113467117
sh600983,惠而浦,2024-04-17,8.23,0.008495145631068013,0.010772082477567526,-0.002276936846499513
sh600984,建设机械,2024-02-08,2.2,0.13445378151260523,0.10774231446823755,0.02671146704436768
sh600987,航民股份,2024-02-06,6.7,0.06047197640117985,0.11450102384612285,-0.054029047444942996
sh601022,宁波远洋,2024-04-12,9.36,0.0402542372881356,-0.041297264584888485,0.08155150187302408
sh601038,一拖股份,2024-02-05,13.76,0.11524163568773238,0.15587810637127142,-0.04063647068353904
sh601133,柏诚股份,2024-02-08,9.33,0.07299270072992692,0.10774231446823755,-0.034749613738310633
sh601156,东航物流,2024-03-27,16.71,0.0614294152392203,0.053104781169770715,0.008324634069449582
sh601208,东材科技,2024-01-24,10.43,-0.14638783269961975,-0.07349747725137945,-0.0728903554482403
sh601231,环旭电子,2024-02-06,13.08,0.047076689445709974,0.11450102384612285,-0.06742433440041287
sh601311,骆驼股份,2024-02-06,6.78,0.08208955223880587,0.11450102384612285,-0.03241147160731697
sh601366,利群股份,2024-02-08,3.85,0.12977099236641232,0.10774231446823755,0.022028677898174767
sh601500,通用股份,2024-07-09,5.5,-0.034671532846715425,0.009655847015638036,-0.04432737986235346
sh601515,衢州东峰,2024-03-29,3.8,0.10317460317460325,0.0022482045205199446,0.1009263986540833
sh601595,上海电影,2024-08-15,19.1,-0.11861702127659579,-0.042713857274567085,-0.0759031640020287
sh601616,广电电气,2024-07-09,3.0,-0.07973421926910296,0.009655847015638036,-0.089390066284741
sh601702,华峰铝业,2024-07-31,17.04,-0.06455399061032863,-0.01648923046412613,-0.04806476014620249
sh601798,蓝科高新,2024-01-25,7.36,-0.2231292517006802,-0.11792643726684204,-0.10520281443383817
sh601798,蓝科高新,2024-06-07,5.03,-0.003976143141153132,0.009964661126142178,-0.01394080426729531
sh601929,吉视传媒,2024-05-31,1.11,0.04587155963302725,-0.06146502118854598,0.10733658082157323
sh603000,人民网,2024-06-26,20.7,-0.020873786407766937,-0.006624691586786048,-0.014249094820980888
sh603002,宏昌电子,2024-02-08,4.11,0.176056338028169,0.10774231446823755,0.06831402355993145
sh603004,鼎龙科技,2024-09-11,17.91,-0.06184971098265901,-0.0005631370001116948,-0.06128657398254732
sh603006,联明股份,2024-02-08,7.57,0.21621621621621623,0.10774231446823755,0.10847390174797868
sh603006,联明股份,2024-04-17,12.03,0.0034602076124565784,0.010772082477567526,-0.007311874865110948
sh603028,赛福天,2024-02-08,5.87,0.3452768729641693,0.10774231446823755,0.23753455849593175
sh603038,华立股份,2024-06-07,7.68,-0.034526854219948944,0.009964661126142178,-0.04449151534609112
sh603045,福达合金,2024-02-08,9.18,0.18211206896551735,0.10774231446823755,0.0743697544972798
sh603060,国检集团,2024-02-08,6.85,0.09927007299270074,0.10774231446823755,-0.00847224147553681
sh603068,博通集成,2024-02-08,17.77,0.15286975717439288,0.10774231446823755,0.04512744270615533
sh603086,先达股份,2024-02-08,3.54,0.17366946778711512,0.10774231446823755,0.06592715331887757
sh603089,正裕工业,2024-02-08,7.0,0.26293706293706287,0.10774231446823755,0.1551947484688253
sh603090,宏盛股份,2024-06-07,21.01,-0.055421686746987886,0.009964661126142178,-0.06538634787313007
sh603096,新经典,2024-02-08,14.2,0.20257695060844672,0.10774231446823755,0.09483463614020916
sh603096,新经典,2024-03-29,19.26,-0.08315789473684199,0.0022482045205199446,-0.08540609925736194
sh603100,川仪股份,2024-07-26,17.92,-0.02025177887246854,0.02799754620360722,-0.04824932507607576
sh603111,康尼机电,2024-02-08,4.4,0.25,0.10774231446823755,0.14225768553176243
sh603121,华培动力,2024-02-08,5.88,0.2857142857142858,0.10774231446823755,0.17797197124604824
sh603126,中材节能,2024-01-24,6.31,0.2193548387096773,-0.07349747725137945,0.29285231596105676
sh603129,春风动力,2024-01-31,93.86,0.0008548835221200424,-0.11285896772082338,0.11371385124294342
sh603131,上海沪工,2024-01-25,15.06,-0.24093959731543624,-0.11792643726684204,-0.1230131600485942
sh603132,金徽股份,2024-02-07,10.68,0.11207729468599026,0.1653464357292659,-0.05326914104327565
sh603135,中重科技,2024-02-05,13.61,0.11230329041487841,0.15587810637127142,-0.04357481595639301
sh603151,邦基科技,2024-02-08,9.54,0.1654450261780105,0.10774231446823755,0.05770271170977294
sh603155,新亚强,2024-07-04,11.4,0.16564952048823,0.02408133183555498,0.14156818865267504
sh603183,建研院,2024-02-08,2.98,0.17999999999999994,0.10774231446823755,0.07225768553176239
sh603183,建研院,2024-04-16,3.65,-0.06467661691542281,0.04418559320503159,-0.10886221012045441
sh603186,XD华正新,2024-02-08,17.01,0.2247191011235954,0.10774231446823755,0.11697678665535784
sh603197,保隆科技,2024-05-06,43.89,-0.09183905433052963,-0.017111360064864238,-0.07472769426566539
sh603206,嘉环科技,2024-01-11,18.95,0.05053191489361697,-0.04235227316176667,0.09288418805538365
sh603220,中贝通信,2024-02-08,23.31,0.22768595041322315,0.10774231446823755,0.1199436359449856
sh603229,奥翔药业,2024-02-06,9.09,0.15486725663716827,0.11450102384612285,0.040366232791045425
sh603239,浙江仙通,2024-02-08,11.12,0.12410714285714297,0.10774231446823755,0.01636482838890542
sh603256,宏和科技,2024-02-08,5.21,0.19428571428571417,0.10774231446823755,0.08654339981747662
sh603258,电魂网络,2024-02-08,15.36,0.23341677096370472,0.10774231446823755,0.12567445649546716
sh603258,电魂网络,2024-06-26,16.51,0.00807453416149051,-0.006624691586786048,0.014699225748276559
sh603259,药明康德,2024-02-06,52.25,0.0024249207237456716,0.11450102384612285,-0.11207610312237717
sh603266,天龙股份,2024-06-25,17.82,-0.058295964125560484,0.028824854248875036,-0.08712081837443553
sh603269,海鸥股份,2024-02-08,8.04,0.23668639053254448,0.10774231446823755,0.1289440760643069
sh603272,*ST联翔,2024-02-19,10.34,0.2391093901258472,0.10083660405532106,0.13827278607052612
sh603278,大业股份,2024-02-08,7.38,0.2760487144790258,0.10774231446823755,0.16830640001078823
sh603309,维力医疗,2024-02-06,10.15,0.09940944881889768,0.11450102384612285,-0.015091575027225163
sh603316,诚邦股份,2024-02-08,3.72,0.21138211382113825,0.10774231446823755,0.1036397993529007
sh603321,梅轮电梯,2024-02-08,5.24,0.18233082706766912,0.10774231446823755,0.07458851259943157
sh603326,我乐家居,2024-02-08,5.9,0.23728813559322015,0.10774231446823755,0.12954582112498259
sh603327,福蓉科技,2024-02-08,9.07,0.11855104281009887,0.10774231446823755,0.01080872834186132
sh603328,依顿电子,2024-06-28,7.86,-0.039440203562341014,-0.012787612162927597,-0.026652591399413415
sh603330,天洋新材,2024-02-05,6.29,-0.12605042016806722,0.15587810637127142,-0.28192852653933864
sh603353,和顺石油,2024-02-08,15.22,0.2214897824653923,0.10774231446823755,0.11374746799715475
sh603359,*ST东珠,2024-02-08,4.35,0.2142857142857142,0.10774231446823755,0.10654339981747664
sh603363,傲农生物,2024-02-08,2.9,0.43014705882352944,0.10774231446823755,0.3224047443552919
sh603377,ST东时,2024-02-19,2.52,0.25806451612903225,0.10083660405532106,0.15722791207371117
sh603378,*ST亚士,2024-02-08,5.45,0.15053763440860202,0.10774231446823755,0.042795319940364465
sh603385,惠达卫浴,2024-02-08,4.87,0.1731160896130346,0.10774231446823755,0.06537377514479704
sh603387,基蛋生物,2024-02-08,8.71,0.05353075170842825,0.10774231446823755,-0.054211562759809304
sh603398,*ST沐邦,2024-08-16,11.94,-0.0401284109149278,-0.03882474649743222,-0.0013036644174955828
sh603398,*ST沐邦,2024-08-28,12.69,0.16480891719745228,0.024340662128563093,0.1404682550688892
sh603429,*ST集友,2024-02-08,5.48,0.1148148148148147,0.10774231446823755,0.007072500346577151
sh603507,振江股份,2024-07-09,24.2,-0.09063955950868274,0.009655847015638036,-0.10029540652432078
sh603508,思维列控,2024-01-23,14.1,-0.07465753424657529,-0.014391617888930492,-0.06026591635764479
sh603520,司太立,2024-02-08,9.24,0.12676056338028174,0.10774231446823755,0.01901824891204419
sh603528,多伦科技,2024-02-08,4.75,0.2975206611570249,0.10774231446823755,0.18977834668878735
sh603533,掌阅科技,2024-02-08,14.16,0.15612903225806463,0.10774231446823755,0.048386717789827074
sh603602,纵横通信,2024-02-06,10.19,0.23152709359605916,0.11450102384612285,0.11702606974993632
sh603607,京华激光,2024-05-27,14.45,-0.04590395480225995,-0.027381617022769054,-0.018522337779490895
sh603628,清源股份,2024-07-25,13.52,0.013036809815951012,0.057239007557008184,-0.04420219774105717
sh603636,南威软件,2024-05-14,9.04,0.013333333333333197,0.006074194144530646,0.007259139188802551
sh603648,畅联股份,2024-01-23,9.34,0.19766309639727364,-0.014391617888930492,0.21205471428620412
sh603660,苏州科达,2024-02-08,4.9,0.18923933209647514,0.10774231446823755,0.08149701762823759
sh603662,柯力传感,2024-08-13,24.11,0.027972027972027913,-0.020476638697126886,0.0484486666691548
sh603667,五洲新春,2024-02-08,12.8,0.3010164190774043,0.10774231446823755,0.19327410460916672
sh603668,天马科技,2024-01-25,16.51,-0.05128205128205132,-0.11792643726684204,0.06664438598479072
sh603676,卫信康,2024-02-08,7.29,0.13755158184319116,0.10774231446823755,0.02980926737495361
sh603680,今创集团,2024-02-08,6.31,0.1838351822503963,0.10774231446823755,0.07609286778215875
sh603696,安记食品,2024-02-08,6.6,0.1521418020679468,0.10774231446823755,0.044399487599709256
sh603697,XD有友食,2024-02-08,6.6,0.10542168674698793,0.10774231446823755,-0.0023206277212496212
sh603700,宁水集团,2024-08-27,9.97,-0.018164435946462887,0.03532048647000129,-0.05348492241646418
sh603708,家家悦,2024-02-06,9.62,0.0706126687435098,0.11450102384612285,-0.04388835510261305
sh603718,*ST海利,2024-02-06,7.03,0.12747875354107663,0.11450102384612285,0.012977729694953782
sh603719,良品铺子,2024-01-10,19.81,0.0030379746835442756,-0.01919874918826585,0.022236723871810124
sh603721,*ST天择,2024-06-26,22.69,-0.05499781754692279,-0.006624691586786048,-0.048373125960136744
sh603725,天安新材,2024-02-08,6.78,0.21726618705035983,0.10774231446823755,0.10952387258212228
sh603726,朗迪集团,2024-02-08,9.16,0.23362445414847177,0.10774231446823755,0.1258821396802342
sh603733,仙鹤股份,2024-02-06,12.87,0.12538461538461543,0.11450102384612285,0.010883591538492582
sh603738,泰晶科技,2024-07-09,13.38,0.060929169840060915,0.009655847015638036,0.05127332282442288
sh603755,日辰股份,2024-02-08,16.93,0.17235396182764617,0.10774231446823755,0.06461164735940862
sh603758,秦安股份,2024-02-08,8.1,0.056900726392251855,0.10774231446823755,-0.0508415880759857
sh603767,中马传动,2024-02-20,15.02,0.16759388038942968,0.12225999425426427,0.04533388613516541
sh603768,常青股份,2024-02-08,10.98,0.23946188340807173,0.10774231446823755,0.13171956893983416
sh603768,常青股份,2024-08-23,11.33,0.04645048203330404,0.034492107683726604,0.011958374349577437
sh603788,宁波高发,2024-02-08,9.8,0.17682317682317672,0.10774231446823755,0.06908086235493917
sh603803,瑞斯康达,2024-02-08,4.67,0.3432203389830508,0.10774231446823755,0.23547802451481326
sh603811,诚意药业,2024-02-08,7.03,0.1384180790960452,0.10774231446823755,0.030675764627807647
sh603818,曲美家居,2024-02-08,3.23,0.21052631578947367,0.10774231446823755,0.10278400132123612
sh603823,百合花,2024-02-08,6.63,0.12462908011869445,0.10774231446823755,0.016886765650456895
sh603826,坤彩科技,2024-07-03,30.13,-0.07733333333333337,-0.03367399630198243,-0.043659337031350935
sh603860,中公高科,2024-01-24,29.08,0.15106951871657737,-0.07349747725137945,0.22456699596795682
sh603863,松炀资源,2024-05-31,33.19,-0.3985262511513663,-0.06146502118854598,-0.33706122996282034
sh603863,松炀资源,2024-06-13,17.46,-0.04297994269340977,-0.018262118904023038,-0.02471782378938673
sh603878,武进不锈,2024-02-06,6.08,0.12687813021702832,0.11450102384612285,0.012377106370905472
sh603879,永悦科技,2024-02-19,3.67,0.24444444444444446,0.10083660405532106,0.1436078403891234
sh603886,元祖股份,2024-02-08,16.38,0.03658536585365857,0.10774231446823755,-0.07115694861457898
sh603887,城地香江,2024-06-25,4.66,0.17543859649122817,0.028824854248875036,0.14661374224235313
sh603888,新华网,2024-06-26,21.6,0.00928505106778088,-0.006624691586786048,0.01590974265456693
sh603900,莱绅通灵,2024-02-08,3.89,0.17922077922077917,0.10774231446823755,0.07147846475254162
sh603901,永创智能,2024-02-02,9.04,0.08658008658008653,0.03027376145763716,0.056306325122449374
sh603909,建发合诚,2024-08-26,7.25,0.03453038674033149,0.011198797979437845,0.02333158876089364
sh603917,合力科技,2024-02-08,10.76,0.33096085409252685,0.10774231446823755,0.22321853962428928
sh603933,睿能科技,2024-02-08,8.58,0.5740318906605923,0.10774231446823755,0.4662895761923548
sh603937,丽岛新材,2024-02-08,7.38,0.23302263648468702,0.10774231446823755,0.12528032201644945
sh603959,ST百利,2024-01-19,8.72,0.020571428571428463,-0.0027672704551126646,0.023338699026541128
sh603989,艾华集团,2024-02-06,15.1,0.09668874172185427,0.11450102384612285,-0.01781228212426858
sh603992,松霖科技,2024-02-08,14.14,0.2075736325385693,0.10774231446823755,0.09983131807033176
sh605028,世茂能源,2024-02-08,12.97,0.11956521739130421,0.10774231446823755,0.011822902923066661
sh605055,迎丰股份,2024-02-08,3.97,0.21695760598503755,0.10774231446823755,0.1092152915168
sh605086,龙高股份,2024-02-08,16.5,0.24640287769784175,0.10774231446823755,0.13866056322960418
sh605111,新洁能,2024-01-23,40.26,-0.20450000000000002,-0.014391617888930492,-0.19010838211106953
sh605116,奥锐特,2024-02-08,21.09,-0.013111888111888126,0.10774231446823755,-0.12085420258012568
sh605117,德业股份,2024-06-13,70.59,0.12957142857142845,-0.018262118904023038,0.1478335474754515
sh605123,派克新材,2024-05-09,72.0,-0.05531914893617018,-0.017961835078862166,-0.03735731385730802
sh605133,嵘泰股份,2024-08-26,16.58,0.09145972138098113,0.011198797979437845,0.08026092340154328
sh605138,盛泰集团,2024-06-07,5.37,-0.005586592178770999,0.009964661126142178,-0.015551253304913177
sh605162,新中港,2024-02-08,5.51,0.20433996383363473,0.10774231446823755,0.09659764936539718
sh605169,洪通燃气,2024-02-08,7.33,0.1446111869031379,0.10774231446823755,0.03686887243490035
sh605178,时空科技,2024-06-07,11.24,0.039777983348751045,0.009964661126142178,0.029813322222608865
sh605188,国光连锁,2024-06-07,6.52,0.1476725521669342,0.009964661126142178,0.13770789104079204
sh605188,国光连锁,2024-07-10,7.9,0.11012658227848093,-0.011939952816935167,0.1220665350954161
sh605228,神通科技,2024-02-08,7.27,0.24554183813443076,0.10774231446823755,0.1377995236661932
sh605258,协和电子,2024-02-08,15.44,0.26322580645161286,0.10774231446823755,0.1554834919833753
sh605286,同力天启,2024-06-28,24.33,-0.11821219715956566,-0.012787612162927597,-0.10542458499663807
sh605287,德才股份,2024-08-21,11.14,0.03761467889908254,-0.017925078192557443,0.05553975709163998
sh605388,均瑶健康,2024-02-08,7.95,0.08658536585365861,0.10774231446823755,-0.021156948614578938
sh605398,新炬网络,2024-02-08,16.64,0.3314732142857142,0.10774231446823755,0.22373089981747663
sh605398,新炬网络,2024-08-19,15.24,-0.07087087087087074,-0.0267345833140594,-0.04413628755681134
sh605580,恒盛能源,2024-02-08,7.39,0.1588785046728971,0.10774231446823755,0.05113619020465955
sz000031,大悦城,2024-02-07,2.75,0.0219780219780219,0.1653464357292659,-0.143368413751244
sz000151,中成股份,2024-01-24,10.6,0.13636363636363624,-0.07349747725137945,0.2098611136150157
sz000153,丰原药业,2024-02-08,6.86,0.0744985673352434,0.10774231446823755,-0.03324374713299415
sz000159,国际实业,2024-02-08,4.19,0.18837209302325597,0.10774231446823755,0.08062977855501842
sz000504,*ST生物,2024-02-08,6.42,0.30330330330330324,0.10774231446823755,0.19556098883506567
sz000509,华塑控股,2024-02-08,2.54,0.2705882352941178,0.10774231446823755,0.16284592082588023
sz000510,新金路,2024-02-08,3.21,0.23076923076923084,0.10774231446823755,0.12302691630099329
sz000510,新金路,2024-06-07,2.86,0.0,0.009964661126142178,-0.009964661126142178
sz000514,渝开发,2024-01-24,4.05,-0.05500000000000005,-0.07349747725137945,0.0184974772513794
sz000533,顺钠股份,2024-02-08,2.91,0.15999999999999992,0.10774231446823755,0.05225768553176237
sz000541,佛山照明,2024-02-08,5.07,0.05653021442495132,0.10774231446823755,-0.05121210004328623
sz000548,湖南投资,2024-01-25,5.34,-0.09792843691148767,-0.11792643726684204,0.019998000355354373
sz000550,江铃汽车,2024-07-23,24.72,0.2119067443796836,0.019390293056835303,0.19251645132284828
sz000551,创元科技,2024-02-08,7.3,0.09795918367346945,0.10774231446823755,-0.0097831307947681
sz000553,安道麦A,2024-02-06,5.82,0.11091854419410763,0.11450102384612285,-0.003582479652015219
sz000559,万向钱潮,2024-02-06,4.39,0.06136363636363629,0.11450102384612285,-0.05313738748248656
sz000565,渝三峡Ａ,2024-02-07,3.97,0.13032581453634084,0.1653464357292659,-0.03502062119292507
sz000576,甘化科工,2024-02-08,5.68,0.17241379310344818,0.10774231446823755,0.06467147863521062
sz000586,汇源通信,2024-02-08,6.76,0.32285714285714273,0.10774231446823755,0.21511482838890517
sz000592,平潭发展,2024-01-17,2.61,0.03875968992248069,-0.05185949845091644,0.09061918837339714
sz000593,德龙汇能,2024-02-08,4.28,0.23831775700934577,0.10774231446823755,0.1305754425411082
sz000607,华媒控股,2024-02-08,3.22,0.18209876543209869,0.10774231446823755,0.07435645096386113
sz000608,*ST阳光,2024-08-26,1.48,0.020547945205479534,0.011198797979437845,0.00934914722604169
sz000623,吉林敖东,2024-02-06,14.67,0.038435140700068704,0.11450102384612285,-0.07606588314605414
sz000636,风华高科,2024-02-06,10.02,0.13320079522862827,0.11450102384612285,0.01869977138250542
sz000655,金岭矿业,2024-02-08,5.37,0.06445672191528562,0.10774231446823755,-0.04328559255295193
sz000659,珠海中富,2024-02-08,1.62,0.10059171597633143,0.10774231446823755,-0.007150598491906121
sz000663,永安林业,2024-01-25,7.93,-0.17929292929292928,-0.11792643726684204,-0.06136649202608724
sz000663,永安林业,2024-02-08,5.28,0.20560747663551404,0.10774231446823755,0.09786516216727649
sz000680,山推股份,2024-06-12,8.6,0.005834305717619559,-0.004461255332069386,0.010295561049688946
sz000716,黑芝麻,2024-07-09,3.83,-0.023560209424083767,0.009655847015638036,-0.0332160564397218
sz000720,新能泰山,2024-06-25,2.5,0.0,0.028824854248875036,-0.028824854248875036
sz000733,振华科技,2024-07-09,37.02,0.03729729729729736,0.009655847015638036,0.027641450281659326
sz000736,*ST中地,2024-08-30,7.42,-0.020270270270270285,-0.018993032350629362,-0.001277237919640923
sz000737,北方铜业,2024-02-07,4.77,0.08210526315789468,0.1653464357292659,-0.08324117257137123
sz000753,漳州发展,2024-02-08,2.97,0.09395973154362403,0.10774231446823755,-0.013782582924613526
sz000755,山西高速,2024-02-01,4.53,-0.08085106382978724,-0.052487614733193806,-0.028363449096593434
sz000762,西藏矿业,2024-07-10,18.89,0.011229946524064172,-0.011939952816935167,0.02316989934099934
sz000766,通化金马,2024-05-16,17.2,-0.061212477928193065,-0.012252650654440537,-0.04895982727375253
sz000783,长江证券,2024-02-06,5.03,0.03149606299212593,0.11450102384612285,-0.08300496085399692
sz000788,北大医药,2024-02-08,4.59,0.10967741935483866,0.10774231446823755,0.001935104886601105
sz000793,*ST华闻,2024-06-04,0.86,0.4698795180722892,-0.017372681501942537,0.48725219957423177
sz000803,山高环能,2024-02-08,3.7,0.14550264550264558,0.10774231446823755,0.037760331034408026
sz000811,冰轮环境,2024-02-06,9.77,0.11740890688259098,0.11450102384612285,0.002907883036468134
sz000818,航锦科技,2024-02-06,21.49,0.21081326669695577,0.11450102384612285,0.09631224285083292
sz000825,太钢不锈,2024-02-06,3.64,0.05540166204986163,0.11450102384612285,-0.05909936179626121
sz000859,国风新材,2024-02-08,3.38,0.11999999999999988,0.10774231446823755,0.012257685531762333
sz000877,天山股份,2024-08-23,5.18,-0.10754716981132062,0.034492107683726604,-0.14203927749504722
sz000880,潍柴重机,2024-08-13,11.14,-0.20522388059701502,-0.020476638697126886,-0.18474724189988814
sz000902,新洋丰,2024-02-06,10.51,0.028571428571428692,0.11450102384612285,-0.08592959527469415
sz000908,ST景峰,2024-02-19,1.52,0.5541401273885349,0.10083660405532106,0.45330352333321383
sz000912,泸天化,2024-02-08,3.5,0.062146892655367214,0.10774231446823755,-0.04559542181287034
sz000913,钱江摩托,2024-02-06,9.8,0.1308793456032722,0.11450102384612285,0.016378321757149344
sz000920,沃顿科技,2024-02-08,7.39,0.07962213225371118,0.10774231446823755,-0.028120182214526376
sz000925,众合科技,2024-07-19,5.9,-0.013559322033898313,-0.006544939209221538,-0.007014382824676775
sz000926,福星股份,2024-07-29,2.03,0.054455445544554504,0.00516057110718173,0.04929487443737277
sz000929,*ST兰黄,2024-02-08,5.82,0.21404109589041087,0.10774231446823755,0.10629878142217332
sz000930,中粮科技,2024-02-06,5.76,0.06390328151986191,0.11450102384612285,-0.050597742326260936
sz000931,中关村,2024-02-08,3.65,0.15999999999999992,0.10774231446823755,0.05225768553176237
sz000952,广济药业,2024-02-08,4.63,0.18087318087318094,0.10774231446823755,0.07313086640494339
sz000953,河化股份,2024-06-12,2.64,-0.0719696969696969,-0.004461255332069386,-0.06750844163762752
sz000960,锡业股份,2024-02-07,12.67,0.04484657749803289,0.1653464357292659,-0.12049985823123302
sz000985,大庆华科,2024-01-24,15.93,-0.10829207920792083,-0.07349747725137945,-0.03479460195654138
sz001225,和泰机电,2024-02-07,31.23,0.09974747474747492,0.1653464357292659,-0.065598960981791
sz001226,拓山重工,2024-06-21,26.86,0.04160305343511439,-0.013045830496762764,0.054648883931877154
sz001228,永泰运,2024-04-12,27.45,-0.11876138433515471,-0.041297264584888485,-0.07746411975026622
sz001234,泰慕士,2024-02-08,13.82,0.22438672438672436,0.10774231446823755,0.1166444099184868
sz001236,弘业期货,2024-01-24,10.98,-0.09836065573770492,-0.07349747725137945,-0.024863178486325466
sz001278,一彬科技,2024-02-08,14.82,0.16945746818486285,0.10774231446823755,0.061715153716625296
sz001286,陕西能源,2024-02-06,8.26,0.02784503631961255,0.11450102384612285,-0.0866559875265103
sz001298,好上好,2024-05-30,17.77,-0.010118043844856595,-0.07316361977855902,0.06304557593370243
sz001306,夏厦精密,2024-02-08,48.39,0.22219921308759583,0.10774231446823755,0.11445689861935827
sz001313,粤海饲料,2024-02-08,6.45,0.14392803598200898,0.10774231446823755,0.03618572151377143
sz001318,阳光乳业,2024-02-02,11.89,-0.058326289095519845,0.03027376145763716,-0.088600050553157
sz001319,铭科精技,2024-02-08,14.86,0.19324950363997373,0.10774231446823755,0.08550718917173618
sz001324,长青科技,2024-02-08,16.03,0.1572052401746724,0.10774231446823755,0.04946292570643486
sz001326,联域股份,2024-04-18,39.25,0.09652509652509655,0.021282232559076603,0.07524286396601995
sz001331,胜通能源,2024-02-08,10.4,0.1902912621359223,0.10774231446823755,0.08254894766768474
sz001339,智微智能,2024-08-30,30.34,-0.06008727760993615,-0.018993032350629362,-0.041094245259306786
sz001380,华纬科技,2024-02-08,22.62,0.10956521739130443,0.10774231446823755,0.0018229029230668742
sz001696,宗申动力,2024-02-06,4.91,0.10975609756097571,0.11450102384612285,-0.0047449262851471385
sz001696,宗申动力,2024-03-28,7.38,0.07180156657963455,0.004101057729477413,0.06770050885015713
sz001979,招商蛇口,2024-04-26,8.27,0.057457212713936556,0.037393506918596074,0.020063705795340482
sz002004,华邦健康,2024-02-06,4.23,0.06161137440758302,0.11450102384612285,-0.052889649438539826
sz002016,世荣兆业,2024-02-08,4.4,0.16136363636363638,0.10774231446823755,0.053621321895398824
sz002020,京新药业,2024-02-06,9.36,0.10447761194029836,0.11450102384612285,-0.01002341190582448
sz002031,巨轮智能,2024-02-01,3.5,-0.032163742690058394,-0.052487614733193806,0.02032387204313541
sz002040,南京港,2024-02-08,5.5,0.08892921960072608,0.10774231446823755,-0.018813094867511468
sz002046,国机精工,2024-01-25,10.36,-0.09652509652509655,-0.11792643726684204,0.02140134074174549
sz002046,国机精工,2024-02-08,8.98,0.07064017660044142,0.10774231446823755,-0.037102137867796134
sz002048,宁波华翔,2024-02-06,11.33,0.06063268892794382,0.11450102384612285,-0.05386833491817902
sz002055,ST得润,2024-02-08,5.29,0.2026022304832713,0.10774231446823755,0.09485991601503375
sz002065,东华软件,2024-02-06,4.76,0.14046121593291416,0.11450102384612285,0.025960192086791317
sz002066,瑞泰科技,2024-01-24,10.31,-0.047752808988763995,-0.07349747725137945,0.025744668262615455
sz002077,大港股份,2024-05-27,12.79,0.047244094488189115,-0.027381617022769054,0.07462571151095818
sz002082,ST万邦,2024-02-08,4.24,0.15274463007159889,0.10774231446823755,0.045002315603361334
sz002083,孚日股份,2024-02-08,3.89,0.06410256410256432,0.10774231446823755,-0.04363975036567323
sz002084,海鸥住工,2024-02-08,2.31,0.1898734177215189,0.10774231446823755,0.08213110325328134
sz002091,江苏国泰,2024-02-06,6.33,0.10236220472440949,0.11450102384612285,-0.012138819121713357
sz002099,海翔药业,2024-02-07,4.68,0.12153518123667362,0.1653464357292659,-0.043811254492592294
sz002106,莱宝高科,2024-02-08,7.8,0.08333333333333326,0.10774231446823755,-0.024408981134904292
sz002107,沃华医药,2024-02-19,4.05,0.19117647058823528,0.10083660405532106,0.09033986653291422
sz002116,中国海诚,2024-01-24,9.68,0.2210526315789474,-0.07349747725137945,0.29455010883032684
sz002131,利欧股份,2024-06-17,1.5,-0.033333333333333326,-0.051849267671477246,0.01851593433814392
sz002134,天津普林,2024-02-08,6.28,0.18354430379746844,0.10774231446823755,0.07580198932923089
sz002145,钛能化学,2024-02-06,3.53,0.12181303116147313,0.11450102384612285,0.007312007315350283
sz002145,钛能化学,2024-04-17,3.86,0.12596401028277637,0.010772082477567526,0.11519192780520884
sz002148,北纬科技,2024-02-08,3.59,0.2255434782608694,0.10774231446823755,0.11780116379263185
sz002161,远望谷,2024-02-08,3.74,0.18441558441558437,0.10774231446823755,0.07667326994734681
sz002168,ST惠程,2024-07-11,2.12,0.12385321100917435,-0.026887376971020338,0.15074058798019468
sz002181,粤传媒,2024-02-02,4.43,-0.11574074074074081,0.03027376145763716,-0.14601450219837797
sz002183,怡亚通,2024-02-06,3.5,0.0826210826210827,0.11450102384612285,-0.03187994122504015
sz002185,华天科技,2024-02-06,6.44,0.2646153846153847,0.11450102384612285,0.15011436076926185
sz002188,中天服务,2024-02-08,3.59,0.2535211267605635,0.10774231446823755,0.14577881229232592
sz002189,中光学,2024-07-09,13.78,0.06666666666666665,0.009655847015638036,0.05701081965102862
sz002192,融捷股份,2024-06-26,31.16,-0.01628134158254635,-0.006624691586786048,-0.0096566499957603
sz002203,海亮股份,2024-02-06,8.94,0.057627118644067776,0.11450102384612285,-0.05687390520205507
sz002209,达意隆,2024-02-08,6.31,0.22677165354330708,0.10774231446823755,0.11902933907506953
sz002213,大为股份,2024-02-08,7.84,0.2597239648682559,0.10774231446823755,0.15198165040001832
sz002217,合力泰,2024-02-08,1.21,0.6238532110091741,0.10774231446823755,0.5161108965409366
sz002218,拓日新能,2024-04-17,3.48,-0.017241379310344862,0.010772082477567526,-0.028013461787912388
sz002221,东华能源,2024-02-06,9.84,0.0020304568527917954,0.11450102384612285,-0.11247056699333105
sz002258,利尔化学,2024-02-06,9.31,0.06581740976645434,0.11450102384612285,-0.04868361407966851
sz002264,新华都,2024-02-08,3.67,0.14973262032085555,0.10774231446823755,0.041990305852617996
sz002272,川润股份,2024-02-08,3.69,0.19191919191919182,0.10774231446823755,0.08417687745095427
sz002277,友阿股份,2024-02-08,2.38,0.165289256198347,0.10774231446823755,0.05754694173010945
sz002286,保龄宝,2024-02-08,5.24,0.13307984790874539,0.10774231446823755,0.025337533440507834
sz002290,禾盛新材,2024-02-08,8.02,0.28072289156626495,0.10774231446823755,0.1729805770980274
sz002312,川发龙蟒,2024-02-06,5.56,0.20408163265306123,0.11450102384612285,0.08958060880693838
sz002323,*ST雅博,2024-05-30,1.12,-0.04273504273504258,-0.07316361977855902,0.03042857704351644
sz002338,奥普光电,2024-06-07,29.12,0.0448160535117057,0.009964661126142178,0.03485139238556352
sz002339,积成电子,2024-02-08,4.91,0.1394422310756973,0.10774231446823755,0.03169991660745976
sz002339,积成电子,2024-05-09,6.29,0.16476345840130513,-0.017961835078862166,0.1827252934801673
sz002340,格林美,2024-02-06,4.55,0.10087719298245612,0.11450102384612285,-0.013623830863666725
sz002348,高乐股份,2024-06-26,2.4,-0.008333333333333304,-0.006624691586786048,-0.0017086417465472558
sz002356,赫美集团,2024-05-31,3.31,0.10000000000000009,-0.06146502118854598,0.16146502118854605
sz002364,中恒电气,2024-02-08,4.74,0.20964360587002107,0.10774231446823755,0.10190129140178351
sz002365,永安药业,2024-02-08,6.23,0.13291139240506333,0.10774231446823755,0.02516907793682578
sz002369,卓翼科技,2024-02-08,3.09,0.2955974842767295,0.10774231446823755,0.18785516980849193
sz002375,亚厦股份,2024-04-17,3.87,-0.023255813953488413,0.010772082477567526,-0.03402789643105594
sz002377,国创高新,2024-06-05,2.04,-0.04950495049504955,-0.00851953658892073,-0.04098541390612882
sz002385,大北农,2024-02-06,4.79,0.06431535269709543,0.11450102384612285,-0.05018567114902742
sz002388,新亚制程,2024-07-09,3.19,-0.019230769230769273,0.009655847015638036,-0.028886616246407308
sz002398,垒知集团,2024-01-19,4.96,0.057731958762886615,-0.0027672704551126646,0.06049922921799928
sz002398,垒知集团,2024-08-26,3.66,-0.07336956521739135,0.011198797979437845,-0.0845683631968292
sz002400,省广集团,2024-02-02,5.03,0.1306930693069308,0.03027376145763716,0.10041930784929365
sz002401,中远海科,2024-01-24,15.91,0.0018879798615480947,-0.07349747725137945,0.07538545711292755
sz002408,齐翔腾达,2024-02-06,4.31,0.11547344110854496,0.11450102384612285,0.000972417262422115
sz002412,汉森制药,2024-02-08,4.7,0.06938775510204076,0.10774231446823755,-0.03835455936619679
sz002414,高德红外,2024-02-06,5.33,0.10905730129390023,0.11450102384612285,-0.005443722552222613
sz002418,康盛股份,2024-02-08,1.91,0.17277486910994777,0.10774231446823755,0.06503255464171022
sz002420,毅昌科技,2024-02-08,3.32,0.2566371681415929,0.10774231446823755,0.1488948536733553
sz002434,万里扬,2024-02-06,4.98,0.1354581673306774,0.11450102384612285,0.020957143484554547
sz002436,兴森科技,2024-02-06,9.53,0.1729166666666666,0.11450102384612285,0.05841564282054376
sz002440,闰土股份,2024-02-06,5.44,0.06666666666666665,0.11450102384612285,-0.047834357179456194
sz002443,金洲管道,2024-02-08,5.36,0.050877192982456076,0.10774231446823755,-0.056865121485781475
sz002451,摩恩电气,2024-01-24,6.7,-0.16143497757847536,-0.07349747725137945,-0.08793750032709591
sz002452,长高电新,2024-06-04,7.65,-0.06493506493506496,-0.017372681501942537,-0.04756238343312242
sz002460,赣锋锂业,2024-06-26,30.2,-0.016355140186915973,-0.006624691586786048,-0.009730448600129924
sz002478,常宝股份,2024-01-24,5.37,-0.03917910447761197,-0.07349747725137945,0.03431837277376748
sz002491,通鼎互联,2024-02-08,3.96,0.13267813267813278,0.10774231446823755,0.024935818209895225
sz002494,华斯股份,2024-06-07,3.27,-0.018404907975460016,0.009964661126142178,-0.028369569101602196
sz002500,山西证券,2024-02-06,5.02,0.04609218436873741,0.11450102384612285,-0.06840883947738544
sz002501,*ST利源,2024-05-27,1.16,0.008695652173912993,-0.027381617022769054,0.03607726919668205
sz002511,中顺洁柔,2024-02-06,8.52,0.07547169811320731,0.11450102384612285,-0.03902932573291554
sz002513,蓝丰生化,2024-02-08,3.67,0.24285714285714266,0.10774231446823755,0.1351148283889051
sz002519,银河电子,2024-02-08,4.06,0.15085158150851585,0.10774231446823755,0.0431092670402783
sz002524,光正眼科,2024-02-08,3.89,0.18686868686868685,0.10774231446823755,0.0791263724004493
sz002526,山东矿机,2024-03-28,2.83,0.013937282229965264,0.004101057729477413,0.00983622450048785
sz002529,*ST海源,2024-02-08,6.19,0.2990196078431373,0.10774231446823755,0.19127729337489974
sz002532,天山铝业,2024-02-06,5.39,0.07050092764378468,0.11450102384612285,-0.04400009620233816
sz002536,飞龙股份,2024-07-09,10.05,0.04016064257028096,0.009655847015638036,0.030504795554642923
sz002537,海联金汇,2024-02-06,4.68,0.13191489361702136,0.11450102384612285,0.01741386977089851
sz002539,云图控股,2024-02-06,6.94,0.10389610389610393,0.11450102384612285,-0.010604919950018915
sz002544,普天科技,2024-02-07,13.38,0.08057553956834518,0.1653464357292659,-0.08477089616092073
sz002551,尚荣医疗,2024-02-08,2.42,0.15999999999999992,0.10774231446823755,0.05225768553176237
sz002556,辉隆股份,2024-07-01,4.59,0.046025104602510414,-0.049257056041992556,0.09528216064450297
sz002559,亚威股份,2024-02-08,7.48,0.16342412451361876,0.10774231446823755,0.05568181004538121
sz002561,徐家汇,2024-01-15,11.14,-0.21299638989169667,-0.10098107967120436,-0.11201531022049231
sz002566,益盛药业,2024-02-08,5.96,0.12647554806070826,0.10774231446823755,0.018733233592470713
sz002580,圣阳股份,2024-02-08,5.81,0.12040133779264206,0.10774231446823755,0.012659023324404509
sz002581,*ST未名,2024-02-06,9.8,0.1367346938775511,0.11450102384612285,0.02223367003142826
sz002596,海南瑞泽,2024-08-13,1.54,0.05263157894736836,-0.020476638697126886,0.07310821764449525
sz002598,ST章鼓,2024-02-08,6.7,0.15552325581395343,0.10774231446823755,0.04778094134571588
sz002607,中公教育,2024-06-11,1.88,-0.010526315789473717,0.015819223659004983,-0.0263455394484787
sz002616,长青集团,2024-02-08,3.69,0.11968085106382986,0.10774231446823755,0.011938536595592311
sz002617,露笑科技,2024-02-06,4.74,0.11563169164882225,0.11450102384612285,0.0011306678026994088
sz002631,德尔未来,2024-02-08,3.94,0.1594936708860759,0.10774231446823755,0.05175135641783836
sz002633,申科股份,2024-05-14,7.39,0.022377622377622197,0.006074194144530646,0.01630342823309155
sz002636,金安国纪,2024-02-08,5.24,0.2085661080074488,0.10774231446823755,0.10082379353921124
sz002638,勤上股份,2024-02-08,1.61,0.4074074074074072,0.10774231446823755,0.29966509293916965
sz002648,卫星化学,2024-01-23,14.27,-0.026704146170063336,-0.014391617888930492,-0.012312528281132844
sz002652,扬子新材,2024-02-19,1.94,0.22395833333333348,0.10083660405532106,0.12312172927801242
sz002662,峰璟股份,2024-02-08,2.65,0.07011070110701101,0.10774231446823755,-0.03763161336122654
sz002668,TCL智家,2024-02-08,5.88,0.09693877551020402,0.10774231446823755,-0.010803538958033529
sz002671,龙泉股份,2024-02-08,3.33,0.14411764705882368,0.10774231446823755,0.03637533259058613
sz002673,西部证券,2024-02-06,6.09,-0.004746835443038,0.11450102384612285,-0.11924785928916085
sz002676,顺威股份,2024-02-08,3.19,0.1450617283950617,0.10774231446823755,0.037319413926824155
sz002685,华东重机,2024-01-18,3.5,-0.08933717579250722,-0.01530595695364323,-0.07403121883886399
sz002688,金河生物,2024-02-08,3.27,0.1117824773413898,0.10774231446823755,0.004040162873152245
sz002691,*ST冀凯,2024-02-08,4.48,0.22444444444444445,0.10774231446823755,0.1167021299762069
sz002691,*ST冀凯,2024-06-07,4.58,-0.043010752688172116,0.009964661126142178,-0.052975413814314296
sz002693,*ST双成,2024-02-08,4.37,0.22374429223744308,0.10774231446823755,0.11600197776920552
sz002698,博实股份,2024-02-06,11.57,0.1391529818496111,0.11450102384612285,0.024651958003488267
sz002712,思美传媒,2024-02-08,3.41,0.323699421965318,0.10774231446823755,0.2159571074970804
sz002715,登云股份,2024-02-08,8.38,0.3103030303030303,0.10774231446823755,0.20256071583479274
sz002715,登云股份,2024-07-18,11.68,0.1346153846153848,-0.014214343610836646,0.14882972822622145
sz002717,*ST岭南,2024-06-05,1.14,-0.0350877192982455,-0.00851953658892073,-0.026568182709324772
sz002717,*ST岭南,2024-06-25,0.92,0.21590909090909105,0.028824854248875036,0.187084236660216
sz002719,ST麦趣,2024-05-24,7.52,-0.02344827586206899,-0.0069172629562081565,-0.016531012905860835
sz002723,小崧股份,2024-01-24,9.29,-0.15889830508474567,-0.07349747725137945,-0.08540082783336622
sz002724,海洋王,2024-02-07,5.34,0.05827067669172914,0.1653464357292659,-0.10707575903753677
sz002730,电光科技,2024-02-08,5.94,0.20333333333333337,0.10774231446823755,0.09559101886509581
sz002732,燕塘乳业,2024-01-24,19.0,-0.08894736842105266,-0.07349747725137945,-0.015449891169673213
sz002734,利民股份,2024-02-08,5.64,0.10350877192982444,0.10774231446823755,-0.0042335425384131126
sz002738,中矿资源,2024-06-26,28.25,-0.04078014184397161,-0.006624691586786048,-0.03415545025718556
sz002759,天际股份,2024-02-08,7.39,0.10000000000000009,0.10774231446823755,-0.007742314468237463
sz002766,索菱股份,2024-02-08,3.33,0.23372781065088755,0.10774231446823755,0.12598549618264998
sz002774,快意电梯,2024-02-08,5.12,0.210727969348659,0.10774231446823755,0.10298565488042145
sz002786,银宝山新,2024-06-25,8.32,-0.020334928229665095,0.028824854248875036,-0.04915978247854013
sz002787,华源控股,2024-02-08,5.02,0.1837121212121211,0.10774231446823755,0.07596980674388355
sz002787,华源控股,2024-04-11,7.81,-0.10397946084723997,-0.04907770145876975,-0.054901759388470216
sz002795,永和智控,2024-02-19,3.86,0.2736572890025577,0.10083660405532106,0.17282068494723662
sz002795,永和智控,2024-04-24,4.22,0.13250000000000006,0.06606328320013943,0.06643671679986063
sz002796,世嘉科技,2024-02-08,6.48,0.26716417910447765,0.10774231446823755,0.15942186463624008
sz002802,洪汇新材,2024-02-08,7.28,0.2364864864864864,0.10774231446823755,0.12874417201824884
sz002809,红墙股份,2024-04-17,7.57,0.022457067371202122,0.010772082477567526,0.011684984893634596
sz002811,郑中设计,2024-02-08,5.33,0.24053030303030298,0.10774231446823755,0.13278798856206542
sz002817,黄山胶囊,2024-02-08,5.53,0.14762741652021094,0.10774231446823755,0.03988510205197339
sz002823,凯中精密,2024-02-08,7.78,0.1643835616438356,0.10774231446823755,0.056641247175598056
sz002824,和胜股份,2024-02-08,12.85,0.10387596899224816,0.10774231446823755,-0.003866345475989394
sz002826,易明医药,2024-02-08,6.8,0.1863173216885008,0.10774231446823755,0.07857500722026324
sz002829,星网宇达,2024-07-09,13.05,0.3857938718662952,0.009655847015638036,0.37613802485065717
sz002830,名雕股份,2024-02-19,8.95,0.20712694877505555,0.10083660405532106,0.10629034471973449
sz002836,新宏泽,2024-02-08,4.8,0.30932203389830515,0.10774231446823755,0.20157971943006758
sz002842,翔鹭钨业,2024-02-08,4.63,0.2200854700854702,0.10774231446823755,0.11234315561723264
sz002846,英联股份,2024-02-08,5.87,0.24832214765100669,0.10774231446823755,0.14057983318276912
sz002848,*ST高斯,2024-02-08,6.36,0.26257861635220103,0.10774231446823755,0.15483630188396347
sz002855,捷荣技术,2024-07-09,19.92,-0.04036326942482349,0.009655847015638036,-0.050019116440461524
sz002858,力盛体育,2024-02-19,10.55,0.22222222222222232,0.10083660405532106,0.12138561816690126
sz002863,今飞凯达,2024-02-08,3.81,0.14540816326530615,0.10774231446823755,0.03766584879706859
sz002864,盘龙药业,2024-02-08,27.12,0.11688311688311703,0.10774231446823755,0.009140802414879481
sz002873,新天药业,2024-02-06,9.12,0.01754385964912286,0.11450102384612285,-0.09695716419699998
sz002878,元隆雅图,2024-02-08,10.86,0.24954954954954944,0.10774231446823755,0.14180723508131188
sz002879,长缆科技,2024-01-25,14.66,-0.14217687074829932,-0.11792643726684204,-0.02425043348145728
sz002889,东方嘉盛,2024-02-08,16.12,0.19654959950708562,0.10774231446823755,0.08880728503884806
sz002890,弘宇股份,2024-06-07,10.56,-0.0066225165562914245,0.009964661126142178,-0.016587177682433604
sz002892,科力尔,2024-02-08,10.34,0.20841300191204581,0.10774231446823755,0.10067068744380826
sz002898,*ST赛隆,2024-02-08,8.55,0.17780429594272062,0.10774231446823755,0.07006198147448307
sz002900,哈三联,2024-02-08,8.11,0.14371980676328522,0.10774231446823755,0.03597749229504767
sz002915,中欣氟材,2024-08-19,10.43,0.0077145612343298975,-0.0267345833140594,0.03444914454838929
sz002923,润都股份,2024-02-08,7.94,0.2075471698113207,0.10774231446823755,0.09980485534308316
sz002927,泰永长征,2024-02-08,8.8,0.2032608695652176,0.10774231446823755,0.09551855509698005
sz002930,宏川智慧,2024-02-08,15.49,0.05705128205128207,0.10774231446823755,-0.05069103241695548
sz002932,*ST明德,2024-02-06,16.34,0.13064713064713063,0.11450102384612285,0.01614610680100778
sz002932,*ST明德,2024-03-28,21.63,-0.029767441860465094,0.004101057729477413,-0.03386849958994251
sz002946,新乳业,2024-02-06,9.2,0.13452914798206272,0.11450102384612285,0.02002812413593988
sz002947,恒铭达,2024-02-06,22.19,0.19727272727272727,0.11450102384612285,0.08277170342660442
sz002950,奥美医疗,2024-02-08,7.47,0.0,0.10774231446823755,-0.10774231446823755
sz002960,青鸟智控,2024-01-25,13.62,-0.12684365781710916,-0.11792643726684204,-0.008917220550267113
sz002968,新大正,2024-02-08,7.83,0.15279503105590053,0.10774231446823755,0.04505271658766298
sz002972,科安达,2024-02-08,6.87,0.21582733812949617,0.10774231446823755,0.10808502366125862
sz002977,*ST天箭,2024-02-08,21.25,0.1282051282051282,0.10774231446823755,0.020462813736890642
sz002990,盛视科技,2024-02-08,20.55,0.1909132629646626,0.10774231446823755,0.08317094849642505
sz002992,宝明科技,2024-06-26,54.29,-0.0014858841010402246,-0.006624691586786048,0.005138807485745823
sz002992,宝明科技,2024-07-23,56.97,-0.13351351351351348,0.019390293056835303,-0.1529038065703488
sz002996,顺博合金,2024-02-08,6.66,0.21649484536082464,0.10774231446823755,0.10875253089258709
sz002998,优彩资源,2024-02-08,5.16,0.15019011406844118,0.10774231446823755,0.04244779960020363
sz003019,宸展光电,2024-02-06,16.85,0.13432835820895517,0.11450102384612285,0.019827334362832322
sz003023,彩虹集团,2024-02-08,13.75,0.10440340909090917,0.10774231446823755,-0.00333890537732838
sz003026,中晶科技,2024-07-19,26.71,-0.07769230769230773,-0.006544939209221538,-0.07114736848308618
sz003041,真爱美家,2024-02-08,10.65,0.14784205693296593,0.10774231446823755,0.040099742464728375
sz003043,华亚智能,2024-02-08,31.26,0.16374452097683156,0.10774231446823755,0.05600220650859401
sz003043,华亚智能,2024-09-09,40.05,0.01705426356589146,-0.02228496021525552,0.03933922378114698
sz300006,莱美药业,2024-02-08,2.39,0.165289256198347,0.10774231446823755,0.05754694173010945
sz300016,北陆药业,2024-02-08,4.13,0.18990384615384626,0.10774231446823755,0.0821615316856087
sz300026,红日药业,2024-02-06,3.61,0.07734806629834257,0.11450102384612285,-0.03715295754778028
sz300030,阳普医疗,2024-02-08,4.07,0.2603406326034061,0.10774231446823755,0.15259831813516855
sz300035,中科电气,2024-02-06,7.79,0.09635416666666674,0.11450102384612285,-0.018146857179456105
sz300050,世纪鼎利,2024-02-08,2.44,0.35341365461847385,0.10774231446823755,0.24567134015023628
sz300051,琏升科技,2024-02-06,7.53,0.16158940397350996,0.11450102384612285,0.047088380127387114
sz300066,三川智慧,2024-02-08,3.3,0.13432835820895517,0.10774231446823755,0.026586043740717616
sz300067,安诺其,2024-02-07,2.34,0.6812227074235808,0.1653464357292659,0.5158762716943149
sz300071,福石控股,2024-02-08,2.15,0.2723214285714284,0.10774231446823755,0.16457911410319082
sz300077,国民技术,2024-02-06,7.28,0.3173076923076923,0.11450102384612285,0.20280666846156944
sz300078,思创智联,2024-02-08,2.13,0.5784753363228701,0.10774231446823755,0.4707330218546325
sz300081,ST恒信,2024-06-07,4.09,0.08801955990220067,0.009964661126142178,0.07805489877605849
sz300082,奥克股份,2024-02-08,4.16,0.19951923076923084,0.10774231446823755,0.09177691630099329
sz300083,创世纪,2024-05-16,6.43,-0.006144393241167445,-0.012252650654440537,0.006108257413273092
sz300088,长信科技,2024-02-06,4.37,0.13698630136986312,0.11450102384612285,0.02248527752374027
sz300091,*ST金灵,2024-02-08,1.52,0.26114649681528657,0.10774231446823755,0.153404182347049
sz300095,华伍股份,2024-07-09,5.55,-0.003696857670979714,0.009655847015638036,-0.01335270468661775
sz300097,智云股份,2024-02-08,5.65,0.3192239858906527,0.10774231446823755,0.21148167142241514
sz300100,双林股份,2024-02-08,6.61,0.2151515151515151,0.10774231446823755,0.10740920068327754
sz300126,锐奇股份,2024-04-17,4.66,0.032119914346895095,0.010772082477567526,0.02134783186932757
sz300127,银河磁体,2024-02-07,13.31,0.07066052227342556,0.1653464357292659,-0.09468591345584035
sz300128,锦富技术,2024-02-01,3.9,0.07512953367875652,-0.052487614733193806,0.12761714841195032
sz300130,新国都,2024-01-23,18.79,0.01331912626531695,-0.014391617888930492,0.027710744154247444
sz300137,先河环保,2024-06-11,3.9,0.10526315789473673,0.015819223659004983,0.08944393423573174
sz300141,和顺电气,2024-02-08,5.66,0.20623916811091858,0.10774231446823755,0.09849685364268103
sz300143,盈康生命,2024-02-06,7.44,0.1390374331550801,0.11450102384612285,0.024536409308957258
sz300147,*ST香雪,2024-02-08,3.35,0.13742690058479545,0.10774231446823755,0.0296845861165579
sz300149,睿智医药,2024-02-08,4.31,0.23041474654377891,0.10774231446823755,0.12267243207554136
sz300152,*ST动力,2024-02-08,1.62,0.37804878048780477,0.10774231446823755,0.2703064660195672
sz300154,瑞凌股份,2024-02-08,4.78,0.1490683229813663,0.10774231446823755,0.041326008513128745
sz300155,安居宝,2024-02-08,2.85,0.35789473684210527,0.10774231446823755,0.2501524223738677
sz300157,新锦动力,2024-02-08,1.96,0.42999999999999994,0.10774231446823755,0.3222576855317624
sz300162,雷曼光电,2024-02-08,4.34,0.21621621621621623,0.10774231446823755,0.10847390174797868
sz300163,先锋新材,2024-04-17,2.09,-0.03827751196172258,0.010772082477567526,-0.049049594439290106
sz300167,ST迪威迅,2024-01-24,3.02,-0.21283783783783783,-0.07349747725137945,-0.13934036058645838
sz300168,万达信息,2024-02-06,5.41,0.13479052823315119,0.11450102384612285,0.02028950438702834
sz300171,东富龙,2024-02-06,14.2,0.0628053035589673,0.11450102384612285,-0.05169572028715555
sz300172,中电环保,2024-01-12,5.69,-0.01782531194295911,-0.045455760102799295,0.027630448159840185
sz300175,ST朗源,2024-03-25,5.6,-0.010909090909090868,0.029205616661740683,-0.04011470757083155
sz300176,鸿特科技,2024-02-08,3.86,0.2327365728900257,0.10774231446823755,0.12499425842178814
sz300176,鸿特科技,2024-06-07,4.58,-0.037280701754385914,0.009964661126142178,-0.047245362880528094
sz300179,四方达,2024-02-08,6.38,0.09717868338557989,0.10774231446823755,-0.010563631082657662
sz300183,东软载波,2024-02-06,9.7,0.133,0.11450102384612285,0.01849897615387716
sz300191,潜能恒信,2024-02-08,9.7,0.17628865979381447,0.10774231446823755,0.06854634532557692
sz300191,潜能恒信,2024-04-19,15.58,-0.08783344176968122,0.03955355900649261,-0.12738700077617382
sz300198,*ST纳川,2024-02-08,1.48,0.3841059602649006,0.10774231446823755,0.27636364579666306
sz300198,*ST纳川,2024-06-07,1.25,-0.10077519379844968,0.009964661126142178,-0.11073985492459186
sz300203,聚光科技,2024-03-12,14.72,0.07113821138211396,0.027530628311260328,0.043607583070853634
sz300204,舒泰神,2024-02-08,6.15,0.1559485530546625,0.10774231446823755,0.048206238586424935
sz300205,*ST天喻,2024-08-27,5.61,0.013207547169811429,0.03532048647000129,-0.022112939300189864
sz300211,*ST亿通,2024-02-08,4.98,0.3485148514851484,0.10774231446823755,0.24077253701691081
sz300214,日科化学,2024-04-16,5.8,0.04452690166975892,0.04418559320503159,0.0003413084647273315
sz300215,电科院,2024-02-08,3.34,0.15476190476190488,0.10774231446823755,0.04701959029366733
sz300225,*ST金泰,2024-06-25,5.22,-0.03474903474903468,0.028824854248875036,-0.06357388899790972
sz300227,光韵达,2024-03-28,7.02,-0.05959302325581395,0.004101057729477413,-0.06369408098529136
sz300229,拓尔思,2024-06-26,14.16,-0.046528274874731546,-0.006624691586786048,-0.0399035832879455
sz300231,银信科技,2024-02-08,7.33,0.19733333333333336,0.10774231446823755,0.08959101886509581
sz300233,金城医药,2024-02-06,12.63,0.10062893081761004,0.11450102384612285,-0.013872093028512805
sz300238,冠昊生物,2024-02-08,8.73,0.15568181818181803,0.10774231446823755,0.04793950371358048
sz300239,东宝生物,2024-02-08,4.3,0.125,0.10774231446823755,0.01725768553176245
sz300240,飞力达,2024-06-27,5.44,0.021317829457364157,-0.01617323890670902,0.03749106836407318
sz300241,瑞丰光电,2024-02-08,3.04,0.24675324675324672,0.10774231446823755,0.13901093228500916
sz300242,佳云科技,2024-02-19,2.37,0.2586206896551724,0.10083660405532106,0.1577840855998513
sz300245,ST天玑,2024-02-08,5.21,0.2303370786516854,0.10774231446823755,0.12259476418344785
sz300246,宝莱特,2024-02-08,6.04,0.22333333333333338,0.10774231446823755,0.11559101886509583
sz300257,开山股份,2024-02-06,12.65,0.06687898089171984,0.11450102384612285,-0.047622042954403004
sz300270,中威电子,2024-02-08,3.86,0.753180661577608,0.10774231446823755,0.6454383471093704
sz300272,开能健康,2024-09-09,5.37,-0.06072106261859567,-0.02228496021525552,-0.038436102403340146
sz300279,和晶科技,2024-02-08,3.75,0.21907216494845372,0.10774231446823755,0.11132985048021617
sz300281,金明精机,2024-02-08,3.36,0.22418879056047203,0.10774231446823755,0.11644647609223448
sz300283,温州宏丰,2024-02-08,3.82,0.20052083333333348,0.10774231446823755,0.09277851886509593
sz300287,飞利信,2024-06-07,1.69,0.07878787878787885,0.009964661126142178,0.06882321766173667
sz300291,百纳千成,2024-02-08,4.2,0.35944700460829515,0.10774231446823755,0.2517046901400576
sz300292,吴通控股,2024-02-08,2.65,0.13186813186813184,0.10774231446823755,0.024125817399894292
sz300293,蓝英装备,2024-02-08,9.54,0.35330578512396693,0.10774231446823755,0.24556347065572937
sz300294,博雅生物,2024-02-06,27.03,0.04712041884816753,0.11450102384612285,-0.06738060499795531
sz300296,利亚德,2024-02-06,4.64,0.09482758620689657,0.11450102384612285,-0.01967343763922627
sz300302,同有科技,2024-02-08,8.07,0.18181818181818188,0.10774231446823755,0.07407586734994433
sz300305,裕兴股份,2024-02-08,5.81,0.19349315068493156,0.10774231446823755,0.085750836216694
sz300306,远方信息,2024-01-25,10.62,-0.1591337099811676,-0.11792643726684204,-0.04120727271432556
sz300307,慈星股份,2024-02-08,4.5,0.1567328918322295,0.10774231446823755,0.04899057736399194
sz300314,戴维医疗,2024-02-08,10.54,0.08785046728971979,0.10774231446823755,-0.01989184717851776
sz300315,掌趣科技,2024-05-14,5.04,-0.017928286852589626,0.006074194144530646,-0.02400248099712027
sz300318,博晖创新,2024-02-08,4.23,0.08726415094339623,0.10774231446823755,-0.020478163524841317
sz300320,海达股份,2024-02-08,5.48,0.08166969147005454,0.10774231446823755,-0.026072622998183012
sz300322,硕贝德,2024-02-08,6.25,0.4591194968553458,0.10774231446823755,0.35137718238710824
sz300323,华灿光电,2024-02-06,4.4,0.16363636363636358,0.11450102384612285,0.049135339790240734
sz300326,ST凯利,2024-02-08,4.92,0.03830645161290325,0.10774231446823755,-0.0694358628553343
sz300328,宜安科技,2024-02-06,4.18,0.14047619047619042,0.11450102384612285,0.025975166630067575
sz300329,海伦钢琴,2024-02-08,3.79,0.2628865979381445,0.10774231446823755,0.15514428346990694
sz300329,海伦钢琴,2024-07-15,4.3,-0.07228915662650603,-0.000460596919006235,-0.0718285597074998
sz300333,兆日科技,2024-02-08,3.86,0.31806615776081415,0.10774231446823755,0.21032384329257658
sz300334,津膜科技,2024-02-08,4.52,0.15094339622641528,0.10774231446823755,0.04320108175817773
sz300337,银邦股份,2024-02-08,5.29,0.1386321626617375,0.10774231446823755,0.03088984819349995
sz300338,*ST开元,2024-02-08,2.29,0.574468085106383,0.10774231446823755,0.46672577063814547
sz300340,科恒股份,2024-02-08,6.85,0.20291970802919712,0.10774231446823755,0.09517739356095957
sz300345,华民股份,2024-07-11,6.23,0.0260162601626015,-0.026887376971020338,0.05290363713362184
sz300346,南大光电,2024-02-06,20.22,0.14193867457962428,0.11450102384612285,0.027437650733501434
sz300371,汇中股份,2024-02-08,7.66,0.15143603133159278,0.10774231446823755,0.04369371686335523
sz300380,安硕信息,2024-01-24,19.34,-0.1405767250257467,-0.07349747725137945,-0.06707924777436725
sz300381,溢多利,2024-02-08,4.4,0.17272727272727262,0.10774231446823755,0.06498495825903507
sz300385,ST雪浪,2024-02-08,3.67,0.24653739612188375,0.10774231446823755,0.13879508165364618
sz300386,飞天诚信,2024-02-08,6.1,0.25404530744336573,0.10774231446823755,0.14630299297512817
sz300389,艾比森,2024-02-06,14.04,0.1794138670478913,0.11450102384612285,0.06491284320176846
sz300399,天利科技,2024-02-08,8.08,0.24146341463414633,0.10774231446823755,0.13372110016590877
sz300400,劲拓股份,2024-02-08,8.97,0.26280623608017817,0.10774231446823755,0.1550639216119406
sz300404,博济医药,2024-02-08,5.88,0.3378151260504201,0.10774231446823755,0.2300728115821825
sz300405,科隆股份,2024-01-24,7.75,-0.2091152815013404,-0.07349747725137945,-0.13561780424996095
sz300409,道氏技术,2024-02-07,8.04,0.10499999999999998,0.1653464357292659,-0.06034643572926593
sz300410,正业科技,2024-02-08,4.55,0.4161220043572986,0.10774231446823755,0.30837968988906106
sz300412,迦南科技,2024-02-08,3.04,0.25816993464052285,0.10774231446823755,0.15042762017228528
sz300414,中光防雷,2024-02-08,6.0,0.1721311475409837,0.10774231446823755,0.06438883307274613
sz300417,南华仪器,2024-02-08,5.8,0.3846153846153846,0.10774231446823755,0.276873070147147
sz300417,南华仪器,2024-04-17,7.02,0.010000000000000009,0.010772082477567526,-0.0007720824775675171
sz300419,ST浩丰,2024-02-08,3.34,0.49554896142433225,0.10774231446823755,0.3878066469560947
sz300420,五洋自控,2024-03-28,2.88,-0.035211267605633645,0.004101057729477413,-0.03931232533511106
sz300421,力星股份,2024-02-08,7.58,0.16410256410256419,0.10774231446823755,0.056360249634326634
sz300422,博世科,2024-06-07,4.69,-0.004282655246252598,0.009964661126142178,-0.014247316372394776
sz300424,航新科技,2024-02-08,8.03,0.17990074441687343,0.10774231446823755,0.07215842994863587
sz300427,红相股份,2024-02-06,3.07,0.12542372881355912,0.11450102384612285,0.010922704967436275
sz300429,强力新材,2024-02-08,7.56,0.2094240837696335,0.10774231446823755,0.10168176930139596
sz300429,强力新材,2024-06-07,12.18,0.021428571428571352,0.009964661126142178,0.011463910302429174
sz300439,美康生物,2024-02-08,8.85,0.028953229398663627,0.10774231446823755,-0.07878908506957392
sz300446,航天智造,2024-02-08,11.31,0.12621359223300965,0.10774231446823755,0.0184712777647721
sz300447,全信股份,2024-02-08,9.94,0.14678899082568808,0.10774231446823755,0.03904667635745053
sz300456,赛微电子,2024-05-17,17.79,-0.06458797327394206,-0.033842955757995216,-0.03074501751594684
sz300460,ST惠伦,2024-02-08,6.43,0.27064220183486243,0.10774231446823755,0.16289988736662486
sz300462,ST华铭,2024-02-08,6.7,0.23382352941176476,0.10774231446823755,0.1260812149435272
sz300463,迈克生物,2024-02-06,11.32,0.09523809523809534,0.11450102384612285,-0.019262928608027502
sz300466,赛摩智能,2024-02-05,5.74,0.30541012216404884,0.15587810637127142,0.14953201579277742
sz300467,迅游科技,2024-02-08,10.77,0.23853211009174302,0.10774231446823755,0.13078979562350546
sz300468,四方精创,2024-06-11,8.38,0.07636363636363641,0.015819223659004983,0.06054441270463143
sz300469,信息发展,2024-01-25,12.7,-0.19641465315666407,-0.11792643726684204,-0.07848821588982202
sz300469,信息发展,2024-02-08,7.45,0.36241610738255026,0.10774231446823755,0.2546737929143127
sz300469,信息发展,2024-05-31,9.92,-0.13939393939393951,-0.06146502118854598,-0.07792891820539354
sz300470,中密控股,2024-02-06,32.96,0.014760147601475815,0.11450102384612285,-0.09974087624464703
sz300472,*ST新元,2024-02-08,4.36,0.31182795698924703,0.10774231446823755,0.20408564252100947
sz300478,杭州高新,2024-06-07,7.82,-0.009043927648578864,0.009964661126142178,-0.019008588774721044
sz300481,濮阳惠成,2024-02-06,11.62,0.13534482758620703,0.11450102384612285,0.020843803740084182
sz300483,首华燃气,2024-08-26,7.24,-0.009887005649717562,0.011198797979437845,-0.02108580362915541
sz300484,蓝海华腾,2024-02-08,7.19,0.20138888888888884,0.10774231446823755,0.09364657442065129
sz300491,通合科技,2024-02-08,16.13,0.10167389956602602,0.10774231446823755,-0.006068414902211536
sz300493,润欣科技,2024-02-08,5.26,0.197508896797153,0.10774231446823755,0.08976658232891545
sz300500,启迪设计,2024-02-08,7.73,0.2652005174644241,0.10774231446823755,0.1574582029961865
sz300504,天邑股份,2024-02-08,12.26,0.13306451612903225,0.10774231446823755,0.0253222016607947
sz300506,ST名家汇,2024-02-08,2.55,0.33587786259541974,0.10774231446823755,0.22813554812718218
sz300508,维宏股份,2024-02-08,16.35,0.24052916416115466,0.10774231446823755,0.1327868496929171
sz300509,新美星,2024-02-08,3.88,0.2620865139949109,0.10774231446823755,0.15434419952667333
sz300511,雪榕生物,2024-02-08,3.31,0.17910447761194037,0.10774231446823755,0.07136216314370282
sz300514,友讯达,2024-02-08,11.24,0.15030946065428807,0.10774231446823755,0.04256714618605052
sz300515,三德科技,2024-02-08,7.45,0.16400000000000015,0.10774231446823755,0.056257685531762594
sz300516,久之洋,2024-06-28,28.71,-0.04500703234880454,-0.012787612162927597,-0.032219420185876944
sz300518,新迅达,2024-02-08,8.6,0.32373271889400934,0.10774231446823755,0.21599040442577178
sz300519,新光药业,2024-02-08,10.63,0.15601503759398505,0.10774231446823755,0.0482727231257475
sz300522,世名科技,2024-02-08,8.54,0.1525612472160356,0.10774231446823755,0.04481893274779804
sz300525,博思软件,2024-01-23,13.35,0.0037119524870081744,-0.014391617888930492,0.01810357037593867
sz300529,健帆生物,2024-02-06,18.4,0.06432432432432433,0.11450102384612285,-0.05017669952179851
sz300530,领湃科技,2024-01-05,25.93,-0.04929577464788726,-0.01059562786999715,-0.038700146777890104
sz300530,领湃科技,2024-08-29,15.22,0.04081632653061229,0.016135290517404678,0.024681036013207612
sz300531,优博讯,2024-01-11,16.12,0.03509852216748777,-0.04235227316176667,0.07745079532925445
sz300531,优博讯,2024-06-11,9.71,0.06645898234683267,0.015819223659004983,0.05063975868782769
sz300535,达威股份,2024-07-09,12.0,-0.06165540540540548,0.009655847015638036,-0.07131125242104353
sz300539,横河精密,2024-02-08,6.81,0.2696793002915452,0.10774231446823755,0.16193698582330762
sz300542,新晨科技,2024-02-08,8.13,0.2638036809815951,0.10774231446823755,0.15606136651335756
sz300543,朗科智能,2024-02-08,6.11,0.20257234726688123,0.10774231446823755,0.09483003279864367
sz300546,雄帝科技,2024-02-08,8.97,0.2597826086956523,0.10774231446823755,0.15204029422741472
sz300549,优德精密,2024-02-08,11.22,0.2983081032947461,0.10774231446823755,0.19056578882650854
sz300550,和仁科技,2024-01-11,15.2,-0.08732764281024297,-0.04235227316176667,-0.044975369648476295
sz300552,万集科技,2024-02-08,14.66,0.3274814314652261,0.10774231446823755,0.21973911699698856
sz300554,三超新材,2024-02-08,14.33,0.27952480782669453,0.10774231446823755,0.17178249335845697
sz300557,理工光科,2024-01-25,30.94,-0.16294859359844804,-0.11792643726684204,-0.045022156331606
sz300558,贝达药业,2024-02-06,39.4,0.06656580937972767,0.11450102384612285,-0.047935214466395176
sz300562,乐心医疗,2024-02-08,6.93,0.19913419913419927,0.10774231446823755,0.09139188466596172
sz300564,筑博设计,2024-02-08,7.58,0.23684210526315796,0.10774231446823755,0.1290997907949204
sz300578,会畅科技,2024-02-08,9.24,0.7371134020618559,0.10774231446823755,0.6293710875936184
sz300578,会畅科技,2024-07-05,15.03,0.022758620689655285,0.012208785708596081,0.010549834981059204
sz300579,数字认证,2024-05-14,20.47,-0.017465069860279292,0.006074194144530646,-0.023539264004809938
sz300580,贝斯特,2024-02-08,20.26,0.3481481481481481,0.10774231446823755,0.24040583367991053
sz300582,英飞特,2024-02-08,6.84,0.20143884892086317,0.10774231446823755,0.09369653445262562
sz300584,海辰药业,2024-02-08,14.93,0.11548387096774193,0.10774231446823755,0.007741556499504379
sz300585,奥联电子,2024-02-08,9.35,0.2113733905579398,0.10774231446823755,0.10363107608970225
sz300589,江龙船艇,2024-06-07,12.52,-0.01224489795918371,0.009964661126142178,-0.02220955908532589
sz300598,诚迈科技,2024-01-25,40.83,-0.09559372666168786,-0.11792643726684204,0.022332710605154182
sz300609,汇纳科技,2024-01-25,22.9,-0.21822033898305093,-0.11792643726684204,-0.10029390171620889
sz300611,美力科技,2024-02-08,7.02,0.14664804469273762,0.10774231446823755,0.03890573022450007
sz300615,欣天科技,2024-02-08,9.56,0.23834196891191706,0.10774231446823755,0.1305996544436795
sz300615,欣天科技,2024-08-06,9.41,0.2662406815761449,-0.0077687037633663684,0.27400938533951125
sz300619,金银河,2024-02-08,35.2,0.11413197394505814,0.10774231446823755,0.006389659476820589
sz300619,金银河,2024-04-22,44.36,-0.0482758620689655,0.07171099013852926,-0.11998685220749476
sz300621,维业股份,2024-02-08,6.53,0.2588235294117649,0.10774231446823755,0.15108121494352733
sz300626,华瑞股份,2024-02-08,5.34,0.3091247672253259,0.10774231446823755,0.20138245275708833
sz300632,光莆股份,2024-02-08,8.62,0.07093821510297471,0.10774231446823755,-0.03680409936526284
sz300637,扬帆新材,2024-02-08,5.19,0.3875968992248062,0.10774231446823755,0.27985458475656866
sz300638,广和通,2024-03-29,17.31,-0.08103448275862057,0.0022482045205199446,-0.08328268727914052
sz300639,凯普生物,2024-02-06,6.63,0.09696969696969715,0.11450102384612285,-0.017531326876425696
sz300641,正丹股份,2024-02-08,3.34,0.20353982300884943,0.10774231446823755,0.09579750854061188
sz300641,正丹股份,2024-09-06,19.41,-0.10657476139978783,-0.012153687572067588,-0.09442107382772025
sz300642,透景生命,2024-02-08,12.03,0.13133832086450536,0.10774231446823755,0.023596006396267813
sz300644,南京聚隆,2024-02-08,12.3,0.1592201462225833,0.10774231446823755,0.05147783175434574
sz300645,正元智慧,2024-02-08,10.97,0.3266724587315377,0.10774231446823755,0.21893014426330015
sz300647,超频三,2024-02-08,3.3,0.2785923753665689,0.10774231446823755,0.17085006089833132
sz300649,杭州园林,2024-02-08,9.2,0.2428115015974439,0.10774231446823755,0.13506918712920635
sz300652,雷迪克,2024-02-08,16.02,0.19581280788177358,0.10774231446823755,0.08807049341353602
sz300653,正海生物,2024-02-06,21.43,0.0882629107981221,0.11450102384612285,-0.02623811304800075
sz300655,晶瑞电材,2024-02-06,6.14,0.16965742251223492,0.11450102384612285,0.05515639866611208
sz300666,江丰电子,2024-02-06,37.95,0.1323684210526317,0.11450102384612285,0.017867397206508845
sz300670,大烨智能,2024-02-08,3.75,0.3421750663129972,0.10774231446823755,0.23443275184475965
sz300678,中科信息,2024-06-26,25.7,0.01835220616946498,-0.006624691586786048,0.02497689775625103
sz300679,电连技术,2024-02-06,32.17,0.12006269592476482,0.11450102384612285,0.0055616720786419716
sz300681,英搏尔,2024-02-08,11.92,0.10746513535684987,0.10774231446823755,-0.00027717911138767926
sz300686,智动力,2024-02-08,5.08,0.3157894736842106,0.10774231446823755,0.20804715921597305
sz300697,电工合金,2024-02-08,7.88,0.1675126903553299,0.10774231446823755,0.059770375887092345
sz300698,万马科技,2024-02-08,23.57,0.18837505303351731,0.10774231446823755,0.08063273856527976
sz300701,森霸传感,2024-02-08,6.34,0.20592823712948527,0.10774231446823755,0.09818592266124772
sz300702,天宇股份,2024-02-06,15.26,0.13754152823920274,0.11450102384612285,0.02304050439307989
sz300709,精研科技,2024-02-08,21.65,0.20991117344553523,0.10774231446823755,0.10216885897729767
sz300710,万隆光电,2024-07-19,15.0,0.014563106796116498,-0.006544939209221538,0.021108046005338037
sz300713,英可瑞,2024-02-08,9.59,0.2792607802874745,0.10774231446823755,0.1715184658192369
sz300716,*ST泉为,2024-02-08,5.54,0.6528028933092225,0.10774231446823755,0.5450605788409849
sz300721,怡达股份,2024-02-08,7.96,0.2667493796526055,0.10774231446823755,0.1590070651843679
sz300723,一品红,2024-02-06,20.66,0.10009765625,0.11450102384612285,-0.014403367596122846
sz300726,宏达电子,2024-02-06,20.22,0.14094955489614258,0.11450102384612285,0.026448531050019736
sz300731,科创新源,2024-02-08,11.29,0.35645302897278297,0.10774231446823755,0.2487107145045454
sz300732,设研院,2024-04-17,7.32,0.2206896551724138,0.010772082477567526,0.20991757269484626
sz300736,百邦科技,2024-05-29,15.65,0.10668380462724936,-0.043000814148819795,0.14968461877606914
sz300739,明阳电路,2024-02-08,9.5,0.1684210526315788,0.10774231446823755,0.06067873816334125
sz300741,华宝股份,2024-02-06,16.68,0.08902077151335308,0.11450102384612285,-0.025480252332769765
sz300746,汉嘉数智,2024-02-08,5.59,0.2593250444049733,0.10774231446823755,0.15158272993673572
sz300749,顶固集创,2024-02-08,5.02,0.26732673267326734,0.10774231446823755,0.15958441820502978
sz300750,宁德时代,2024-01-31,151.59,0.05290935479614722,-0.11285896772082338,0.1657683225169706
sz300752,隆利科技,2024-02-08,9.92,0.2580971659919027,0.10774231446823755,0.15035485152366512
sz300753,爱朋医疗,2024-02-08,9.29,0.25265392781316365,0.10774231446823755,0.14491161334492608
sz300758,七彩化学,2024-02-08,6.8,0.1161103047895502,0.10774231446823755,0.008367990321312649
sz300762,上海瀚讯,2024-01-25,11.96,-0.16496598639455773,-0.11792643726684204,-0.047039549127715685
sz300762,上海瀚讯,2024-08-07,17.87,-0.1544943820224719,-0.009435824192581536,-0.14505855782989036
sz300767,震安科技,2024-02-08,11.5,0.07826086956521738,0.10774231446823755,-0.029481444903020168
sz300771,智莱科技,2024-03-28,10.9,-0.16030534351145032,0.004101057729477413,-0.16440640124092773
sz300779,惠城环保,2024-02-06,31.39,0.17799557382232045,0.11450102384612285,0.0634945499761976
sz300780,德恩精工,2024-02-08,11.26,0.4822064056939501,0.10774231446823755,0.37446409122571256
sz300781,因赛集团,2024-07-05,53.17,-0.024038461538461564,0.012208785708596081,-0.03624724724705765
sz300786,国林科技,2024-06-07,12.94,0.0,0.009964661126142178,-0.009964661126142178
sz300788,中信出版,2024-06-26,25.07,0.008495145631068013,-0.006624691586786048,0.015119837217854062
sz300789,唐源电气,2024-02-08,14.47,0.11806451612903213,0.10774231446823755,0.010322201660794575
sz300796,贝斯美,2024-08-07,9.75,-0.0030060120240481547,-0.009435824192581536,0.006429812168533382
sz300807,天迈科技,2024-02-08,15.57,0.5190983093299937,0.10774231446823755,0.4113559948617561
sz300809,华辰装备,2024-06-25,20.97,-0.01795511221945134,0.028824854248875036,-0.04677996646832638
sz300812,易天股份,2024-06-27,22.75,-0.08644222020018211,-0.01617323890670902,-0.07026898129347309
sz300813,泰林生物,2024-02-08,13.96,0.19124911785462229,0.10774231446823755,0.08350680338638473
sz300813,泰林生物,2024-03-27,18.61,0.08970672800460022,0.053104781169770715,0.03660194683482951
sz300817,双飞集团,2024-02-08,9.83,0.16799999999999993,0.10774231446823755,0.060257685531762376
sz300822,贝仕达克,2024-02-08,7.48,0.2918238993710691,0.10774231446823755,0.18408158490283155
sz300822,贝仕达克,2024-06-13,15.53,-0.11825017088174983,-0.018262118904023038,-0.09998805197772678
sz300823,建科智能,2024-02-08,12.76,0.2026397515527949,0.10774231446823755,0.09489743708455735
sz300825,阿尔特,2024-02-06,8.23,0.2142857142857142,0.11450102384612285,0.09978469043959134
sz300826,测绘股份,2024-02-08,10.03,0.2088546679499519,0.10774231446823755,0.10111235348171434
sz300828,锐新科技,2024-02-08,8.76,0.24494382022471917,0.10774231446823755,0.1372015057564816
sz300829,金丹科技,2024-02-08,13.44,0.13004484304932729,0.10774231446823755,0.022302528581089734
sz300830,金现代,2024-02-08,4.71,0.25154639175257754,0.10774231446823755,0.14380407728433997
sz300831,派瑞股份,2024-01-25,11.38,-0.18126094570928197,-0.11792643726684204,-0.06333450844243993
sz300831,派瑞股份,2024-06-04,12.55,0.015273311897106234,-0.017372681501942537,0.03264599339904877
sz300843,胜蓝股份,2024-02-08,12.76,0.26812159002338265,0.10774231446823755,0.16037927555514508
sz300844,山水比德,2024-02-08,17.19,0.4002267573696143,0.10774231446823755,0.29248444290137676
sz300845,捷安高科,2024-02-08,9.68,0.36234817813765186,0.10774231446823755,0.2546058636694143
sz300846,首都在线,2024-06-26,9.73,-0.01142263759086204,-0.006624691586786048,-0.004797946004075991
sz300847,中船汉光,2024-01-24,14.39,0.19621583742116333,-0.07349747725137945,0.2697133146725428
sz300850,新强联,2024-02-07,22.23,0.05423576871358149,0.1653464357292659,-0.11111066701568442
sz300854,中兰环保,2024-02-08,9.17,0.26587728740581285,0.10774231446823755,0.15813497293757528
sz300854,中兰环保,2024-06-07,10.2,-0.007850834151128527,0.009964661126142178,-0.017815495277270707
sz300857,协创数据,2024-02-08,41.2,0.07229729729729728,0.10774231446823755,-0.03544501717094027
sz300860,锋尚文化,2024-01-24,45.05,-0.0984915705412599,-0.07349747725137945,-0.024994093289880448
sz300860,锋尚文化,2024-02-08,36.38,0.04471982758620707,0.10774231446823755,-0.06302248688203048
sz300862,蓝盾光电,2024-09-12,20.3,0.0,0.004272415399419421,-0.004272415399419421
sz300864,南大环境,2024-02-08,15.81,0.10000000000000009,0.10774231446823755,-0.007742314468237463
sz300865,大宏立,2024-02-08,10.59,0.3279924599434496,0.10774231446823755,0.22025014547521204
sz300868,杰美特,2024-02-08,11.08,0.2626353790613718,0.10774231446823755,0.15489306459313423
sz300871,回盛生物,2024-02-08,9.04,0.13486842105263164,0.10774231446823755,0.027126106584394086
sz300878,维康药业,2024-02-08,15.75,0.1791979949874687,0.10774231446823755,0.07145568051923114
sz300879,大叶股份,2024-02-08,8.59,0.3066202090592336,0.10774231446823755,0.19887789459099603
sz300880,迦南智能,2024-02-08,12.42,0.17377312952534196,0.10774231446823755,0.06603081505710441
sz300881,盛德鑫泰,2024-02-08,16.75,0.13791079812206575,0.10774231446823755,0.030168483653828196
sz300882,万胜智能,2024-02-08,16.55,0.10684769775678848,0.10774231446823755,-0.0008946167114490672
sz300882,万胜智能,2024-06-04,18.88,-0.04157549234135671,-0.017372681501942537,-0.024202810839414175
sz300884,狄耐克,2024-01-11,13.42,0.03187546330615265,-0.04235227316176667,0.07422773646791933
sz300885,海昌新材,2024-02-08,5.84,0.228130360205832,0.10774231446823755,0.12038804573759444
sz300891,惠云钛业,2024-02-08,6.39,0.140625,0.10774231446823755,0.03288268553176245
sz300891,惠云钛业,2024-07-09,8.0,-0.03802281368821292,0.009655847015638036,-0.047678660703850954
sz300892,品渥食品,2024-02-08,13.05,0.2540666150271109,0.10774231446823755,0.14632430055887335
sz300900,广联航空,2024-03-28,29.18,-0.07786741494212568,0.004101057729477413,-0.0819684726716031
sz300903,科翔股份,2024-02-08,5.39,0.567765567765568,0.10774231446823755,0.4600232532973304
sz300904,威力传动,2024-06-25,39.69,0.0035614347494277165,0.028824854248875036,-0.02526341949944732
sz300906,日月明,2024-01-23,22.84,-0.03865393360618452,-0.014391617888930492,-0.024262315717254027
sz300907,康平科技,2024-02-08,13.54,0.1107168204400284,0.10774231446823755,0.0029745059717908445
sz300912,凯龙高科,2024-02-08,9.73,0.2948328267477205,0.10774231446823755,0.18709051227948292
sz300912,凯龙高科,2024-06-07,9.55,-0.019088016967126142,0.009964661126142178,-0.029052678093268322
sz300920,润阳科技,2024-04-17,13.18,0.09256449165402136,0.010772082477567526,0.08179240917645383
sz300921,南凌科技,2024-02-08,14.21,0.3171896316507503,0.10774231446823755,0.20944731718251275
sz300921,南凌科技,2024-08-07,18.06,0.07452054794520535,-0.009435824192581536,0.0839563721377869
sz300922,天秦装备,2024-02-08,9.59,0.2099276111685624,0.10774231446823755,0.10218529670032485
sz300923,研奥股份,2024-02-08,13.25,0.23703703703703694,0.10774231446823755,0.12929472256879937
sz300927,江天化学,2024-02-08,9.79,0.20505050505050493,0.10774231446823755,0.09730819058226738
sz300928,华安鑫创,2024-02-08,27.6,0.2714285714285716,0.10774231446823755,0.163686256960334
sz300931,通用电梯,2024-02-08,4.45,0.23788546255506615,0.10774231446823755,0.1301431480868286
sz300935,盈建科,2024-02-08,13.97,0.40649258997882853,0.10774231446823755,0.29875027551059097
sz300937,药易购,2024-02-08,20.32,0.15695067264573992,0.10774231446823755,0.04920835817750237
sz300939,秋田微,2024-06-26,29.52,-0.0037684138403564216,-0.006624691586786048,0.0028562777464296264
sz300945,曼卡龙,2024-02-08,7.78,0.1822784810126581,0.10774231446823755,0.07453616654442054
sz300947,德必集团,2024-01-25,14.63,-0.2019099590723057,-0.11792643726684204,-0.08398352180546365
sz300947,德必集团,2024-02-08,9.22,0.2467811158798281,0.10774231446823755,0.13903880141159053
sz300951,博硕科技,2024-02-08,38.26,0.17909663865546221,0.10774231446823755,0.07135432418722466
sz300953,震裕科技,2024-02-06,37.91,0.10188378880339632,0.11450102384612285,-0.012617235042726521
sz300956,英力股份,2024-02-08,8.36,0.36127508854781554,0.10774231446823755,0.25353277407957797
sz300960,通业科技,2024-02-08,11.78,0.26315789473684204,0.10774231446823755,0.15541558026860447
sz300962,中金辐照,2024-01-23,14.16,0.05803255484784131,-0.014391617888930492,0.0724241727367718
sz300963,中洲特材,2024-08-07,7.97,-0.02658227848101269,-0.009435824192581536,-0.017146454288431152
sz300964,本川智能,2024-02-08,21.47,0.4210057854917668,0.10774231446823755,0.31326347102352925
sz300967,晓鸣股份,2024-02-08,7.85,0.18717948717948718,0.10774231446823755,0.07943717271124963
sz300970,华绿生物,2024-02-08,10.92,0.17625231910946204,0.10774231446823755,0.06851000464122449
sz300978,东箭科技,2024-02-08,9.27,0.11489361702127665,0.10774231446823755,0.007151302553039099
sz300981,中红医疗,2024-02-08,11.34,0.04061371841155226,0.10774231446823755,-0.0671285960566853
sz300986,志特新材,2024-02-08,7.03,0.2675250357653789,0.10774231446823755,0.15978272129714133
sz300988,津荣天宇,2024-02-08,12.3,0.1933656957928802,0.10774231446823755,0.08562338132464266
sz300991,创益通,2024-02-08,9.44,0.2957157784743991,0.10774231446823755,0.18797346400616155
sz300992,泰福泵业,2024-02-08,13.38,0.17027632561613149,0.10774231446823755,0.06253401114789393
sz300993,玉马科技,2024-06-06,11.37,-0.16003536693191867,0.022367765091191493,-0.18240313202311015
sz300994,久祺股份,2024-02-08,8.64,0.1670560747663552,0.10774231446823755,0.05931376029811765
sz300995,奇德新材,2024-02-08,10.67,0.2949771689497718,0.10774231446823755,0.1872348544815342
sz300996,普联软件,2024-02-08,13.9,0.18571428571428572,0.10774231446823755,0.07797197124604817
sz301005,超捷股份,2024-02-08,25.74,0.08356004663816541,0.10774231446823755,-0.024182267830072143
sz301006,迈拓股份,2024-02-08,11.29,0.09106098579782795,0.10774231446823755,-0.016681328670409598
sz301007,德迈仕,2024-02-08,10.12,0.26633663366336635,0.10774231446823755,0.15859431919512879
sz301008,宏昌科技,2024-02-08,17.56,0.19820828667413215,0.10774231446823755,0.0904659722058946
sz301010,晶雪节能,2024-02-08,10.3,0.24809160305343503,0.10774231446823755,0.14034928858519746
sz301015,百洋医药,2024-02-06,28.94,0.10265242852221834,0.11450102384612285,-0.011848595323904504
sz301016,雷尔伟,2024-02-08,11.52,0.24786324786324787,0.10774231446823755,0.1401209333950103
sz301016,雷尔伟,2024-07-15,15.29,0.786833855799373,-0.000460596919006235,0.7872944527183793
sz301022,海泰科,2024-02-08,15.57,0.2196825396825397,0.10774231446823755,0.11194022521430215
sz301023,奕帆传动,2024-02-08,24.22,0.209697472026523,0.10774231446823755,0.10195515755828545
sz301025,读客文化,2024-02-08,6.21,0.31072555205047325,0.10774231446823755,0.2029832375822357
sz301027,华蓝集团,2024-02-08,6.86,0.2685714285714287,0.10774231446823755,0.16082911410319112
sz301032,新柴股份,2024-02-08,5.59,0.23467600700525382,0.10774231446823755,0.12693369253701625
sz301033,迈普医学,2024-02-08,27.18,0.13825551936301128,0.10774231446823755,0.03051320489477373
sz301037,保立佳,2024-02-08,10.02,0.30000000000000004,0.10774231446823755,0.19225768553176248
sz301040,中环海陆,2024-02-08,10.07,0.24682926829268292,0.10774231446823755,0.13908695382444536
sz301042,安联锐视,2024-02-08,23.18,0.4586846543001688,0.10774231446823755,0.35094233983193124
sz301049,超越科技,2024-02-08,11.09,0.31559963931469803,0.10774231446823755,0.20785732484646047
sz301052,果麦文化,2024-02-08,26.39,0.36758620689655164,0.10774231446823755,0.25984389242831407
sz301056,森赫股份,2024-02-08,6.11,0.19936204146730474,0.10774231446823755,0.09161972699906719
sz301060,兰卫医学,2024-02-08,9.5,0.027579162410623193,0.10774231446823755,-0.08016315205761436
sz301063,海锅股份,2024-02-08,12.98,0.1972477064220184,0.10774231446823755,0.08950539195378084
sz301068,大地海洋,2024-08-12,19.61,-0.05648535564853563,0.004773525065576327,-0.06125888071411196
sz301072,中捷精工,2024-02-08,14.2,0.4178272980501392,0.10774231446823755,0.3100849835819016
sz301075,多瑞医药,2024-02-08,14.68,0.23373173970783512,0.10774231446823755,0.12598942523959755
sz301079,邵阳液压,2024-02-08,9.2,0.24540540540540534,0.10774231446823755,0.13766309093716778
sz301080,百普赛斯,2024-02-06,39.3,0.08229616459232925,0.11450102384612285,-0.0322048592537936
sz301082,久盛电气,2024-02-08,9.96,0.22365805168986075,0.10774231446823755,0.1159157372216232
sz301085,亚康股份,2024-02-08,38.08,0.17219512195121967,0.10774231446823755,0.06445280748298211
sz301085,亚康股份,2024-08-23,39.76,0.030796640366505423,0.034492107683726604,-0.0036954673172211808
sz301087,可孚医疗,2024-02-06,31.0,0.05339805825242716,0.11450102384612285,-0.061102965593695685
sz301091,深城交,2024-03-27,29.9,0.32434070930585013,0.053104781169770715,0.27123592813607944
sz301095,广立微,2024-06-11,49.1,-0.03778184034125531,0.015819223659004983,-0.053601064000260296
sz301099,雅创电子,2024-02-08,31.5,0.16380952380952363,0.10774231446823755,0.056067209341286076
sz301099,雅创电子,2024-06-11,45.38,0.027253218884120134,0.015819223659004983,0.011433995225115151
sz301101,明月镜片,2024-02-06,26.94,0.1523105360443624,0.11450102384612285,0.03780951219823955
sz301101,明月镜片,2024-07-29,21.96,-0.05258215962441315,0.00516057110718173,-0.05774273073159488
sz301102,兆讯传媒,2024-02-08,13.84,0.11913357400722036,0.10774231446823755,0.011391259538982804
sz301102,兆讯传媒,2024-06-26,12.07,-0.018287614297589294,-0.006624691586786048,-0.011662922710803245
sz301106,骏成科技,2024-05-28,28.79,0.0685021304490332,-0.022574647537958622,0.09107677798699182
sz301107,瑜欣电子,2024-02-08,18.47,0.3085834649815695,0.10774231446823755,0.20084115051333196
sz301111,粤万年青,2024-02-08,13.4,0.32959641255605376,0.10774231446823755,0.2218540980878162
sz301112,信邦智能,2024-07-10,21.75,-0.10068337129840554,-0.011939952816935167,-0.08874341848147038
sz301116,益客食品,2024-02-08,8.4,0.15238095238095228,0.10774231446823755,0.04463863791271473
sz301117,佳缘科技,2024-02-08,28.51,0.25940246045694204,0.10774231446823755,0.15166014598870448
sz301119,正强股份,2024-02-08,15.27,0.15974842767295594,0.10774231446823755,0.05200611320471839
sz301122,采纳股份,2024-02-07,22.94,0.24524886877828034,0.1653464357292659,0.07990243304901443
sz301123,奕东电子,2024-02-08,13.45,0.16376811594202878,0.10774231446823755,0.05602580147379123
sz301125,腾亚精工,2024-02-08,9.92,0.2867063492063493,0.10774231446823755,0.17896403473811173
sz301126,达嘉维康,2024-02-08,7.55,0.20469361147327247,0.10774231446823755,0.09695129700503492
sz301127,武汉天源,2024-02-08,7.93,0.09068322981366439,0.10774231446823755,-0.01705908465457316
sz301128,强瑞技术,2024-02-08,27.3,0.33418181818181814,0.10774231446823755,0.22643950371358057
sz301129,瑞纳智能,2024-02-08,14.35,0.24305555555555536,0.10774231446823755,0.1353132410873178
sz301130,西点药业,2024-02-08,17.83,0.1685393258426966,0.10774231446823755,0.060797011374459045
sz301132,满坤科技,2024-02-08,17.25,0.2028985507246377,0.10774231446823755,0.09515623625640014
sz301135,瑞德智能,2024-02-08,15.24,0.33974358974358965,0.10774231446823755,0.23200127527535208
sz301136,招标股份,2024-01-25,11.79,-0.15000000000000013,-0.11792643726684204,-0.03207356273315809
sz301136,招标股份,2024-02-08,7.89,0.19798234552332916,0.10774231446823755,0.09024003105509161
sz301138,华研精机,2024-02-08,16.52,0.26589945487583266,0.10774231446823755,0.1581571404075951
sz301139,*ST元道,2024-02-08,19.31,0.24846938775510186,0.10774231446823755,0.1407270732868643
sz301141,中科磁业,2024-05-29,33.9,-0.08923076923076922,-0.043000814148819795,-0.04622995508194943
sz301150,中一科技,2024-06-26,18.6,0.10222222222222221,-0.006624691586786048,0.10884691380900827
sz301153,中科江南,2024-02-06,56.53,0.12053729232944499,0.11450102384612285,0.006036268483322144
sz301155,海力风电,2024-02-06,38.4,0.07893388006150692,0.11450102384612285,-0.03556714378461592
sz301156,美农生物,2024-02-08,11.57,0.1826446280991736,0.10774231446823755,0.07490231363093604
sz301158,德石股份,2024-02-08,10.92,0.11248892825509316,0.10774231446823755,0.004746613786855605
sz301163,宏德股份,2024-02-08,15.0,0.20065359477124178,0.10774231446823755,0.09291128030300423
sz301167,建研设计,2024-02-08,10.08,0.207436399217221,0.10774231446823755,0.09969408474898346
sz301171,易点天下,2024-06-26,15.25,-0.0360655737704918,-0.006624691586786048,-0.02944088218370575
sz301178,天亿马,2024-02-08,16.63,0.3031727379553466,0.10774231446823755,0.19543042348710904
sz301179,泽宇智能,2024-05-24,17.71,0.0680115273775217,-0.0069172629562081565,0.07492879033372986
sz301181,标榜股份,2024-02-08,18.9,0.12219850586979741,0.10774231446823755,0.014456191401559862
sz301182,凯旺科技,2024-02-08,10.78,0.3539581437670609,0.10774231446823755,0.24621582929882335
sz301183,东田微,2024-02-08,22.41,0.5286031042128603,0.10774231446823755,0.4208607897446227
sz301185,鸥玛软件,2024-02-08,14.5,0.17449664429530198,0.10774231446823755,0.06675432982706443
sz301192,泰祥股份,2024-02-08,11.8,0.2873754152823922,0.10774231446823755,0.17963310081415462
sz301195,北路智控,2024-02-02,33.19,0.09866996597587385,0.03027376145763716,0.06839620451823669
sz301197,工大科雅,2024-02-08,10.48,0.2365692742695571,0.10774231446823755,0.12882695980131953
sz301199,迈赫股份,2024-02-08,15.4,0.2751763951250801,0.10774231446823755,0.1674340806568425
sz301200,大族数控,2024-02-01,31.84,0.06327868852459018,-0.052487614733193806,0.11576630325778398
sz301209,联合化学,2024-02-08,13.69,0.23520923520923542,0.10774231446823755,0.12746692074099786
sz301213,观想科技,2024-02-08,22.41,0.26997366110623355,0.10774231446823755,0.162231346637996
sz301217,铜冠铜箔,2024-02-06,8.28,0.13373493975903616,0.11450102384612285,0.01923391591291332
sz301226,祥明智能,2024-02-08,12.3,0.20583596214511046,0.10774231446823755,0.09809364767687291
sz301227,森鹰窗业,2024-02-06,21.97,0.22592945662535735,0.11450102384612285,0.1114284327792345
sz301228,实朴检测,2024-02-08,8.2,0.3243902439024391,0.10774231446823755,0.21664792943420152
sz301231,荣信文化,2024-02-08,13.93,0.40625,0.10774231446823755,0.29850768553176243
sz301234,五洲医疗,2024-02-08,20.44,0.17475728155339798,0.10774231446823755,0.06701496708516043
sz301235,华康洁净,2024-02-08,17.3,0.10340843443096492,0.10774231446823755,-0.004333880037272628
sz301246,宏源药业,2024-02-06,19.2,0.09175257731958775,0.11450102384612285,-0.0227484465265351
sz301248,杰创智能,2024-02-08,9.9,0.2745292368681862,0.10774231446823755,0.16678692239994863
sz301255,通力科技,2024-02-08,27.63,0.28555956678700367,0.10774231446823755,0.1778172523187661
sz301268,铭利达,2024-02-06,20.52,0.08774439675727219,0.11450102384612285,-0.026756627088850654
sz301279,金道科技,2024-02-08,14.42,0.1492338441039307,0.10774231446823755,0.04149152963569315
sz301288,清研环境,2024-02-08,11.01,0.21964285714285725,0.10774231446823755,0.1119005426746197
sz301290,东星医疗,2024-02-08,21.0,0.04902427415516408,0.10774231446823755,-0.05871804031307347
sz301306,西测测试,2024-02-07,24.64,0.4613120269133726,0.1653464357292659,0.2959655911841067
sz301308,江波龙,2024-02-01,73.29,0.07694406548431099,-0.052487614733193806,0.12943168021750479
sz301312,智立方,2024-02-08,58.5,0.18844827586206914,0.10774231446823755,0.08070596139383159
sz301313,凡拓数创,2024-06-26,21.5,-0.052757793764988126,-0.006624691586786048,-0.04613310217820208
sz301317,鑫磊股份,2024-02-08,12.84,0.15733736762481088,0.10774231446823755,0.049595053156573324
sz301318,维海德,2024-06-26,29.59,-0.07145334720776964,-0.006624691586786048,-0.06482865562098358
sz301319,唯特偶,2024-03-04,49.08,0.06040969899665538,0.023720944881173246,0.036688754115482135
sz301321,翰博高新,2024-02-08,10.32,0.2679425837320575,0.10774231446823755,0.16020026926381992
sz301323,新莱福,2024-02-08,25.18,0.13852295409181625,0.10774231446823755,0.0307806396235787
sz301330,熵基科技,2024-06-26,23.24,-0.04093063334769498,-0.006624691586786048,-0.03430594176090893
sz301338,凯格精机,2024-02-08,23.16,0.17898334045279807,0.10774231446823755,0.07124102598456052
sz301339,通行宝,2024-02-08,13.71,0.1557142857142857,0.10774231446823755,0.04797197124604814
sz301349,信德新材,2024-02-08,27.31,0.10693215339233042,0.10774231446823755,-0.0008101610759071315
sz301353,普莱得,2024-02-08,20.3,0.21592574499267236,0.10774231446823755,0.10818343052443481
sz301359,东南电子,2024-02-08,14.21,0.2117241379310344,0.10774231446823755,0.10398182346279684
sz301366,一博科技,2024-02-08,19.85,0.21122599704579037,0.10774231446823755,0.10348368257755282
sz301369,联动科技,2024-02-08,35.5,0.17122905027932966,0.10774231446823755,0.06348673581109211
sz301373,凌玮科技,2024-02-08,22.1,0.12647861692447693,0.10774231446823755,0.018736302456239376
sz301377,鼎泰高科,2024-02-08,15.46,0.0970245795601552,0.10774231446823755,-0.010717734908082352
sz301377,鼎泰高科,2024-07-08,17.2,0.059428571428571386,0.02297719200903791,0.036451379419533476
sz301378,通达海,2024-02-08,26.1,0.6034026465028355,0.10774231446823755,0.4956603320345979
sz301378,通达海,2024-06-26,21.52,-0.03625235404896421,-0.006624691586786048,-0.02962766246217816
sz301379,天山电子,2024-02-08,18.32,0.205240174672489,0.10774231446823755,0.09749786020425145
sz301380,挖金客,2024-02-01,36.81,-0.214535666218035,-0.052487614733193806,-0.1620480514848412
sz301383,天键股份,2024-02-08,37.3,0.19054054054054048,0.10774231446823755,0.08279822607230293
sz301383,天键股份,2024-07-09,26.7,0.028860569715142503,0.009655847015638036,0.01920472269950447
sz301387,光大同创,2024-02-06,38.35,0.1456108361552486,0.11450102384612285,0.031109812309125767
sz301389,隆扬电子,2024-02-08,11.03,0.16021602160216042,0.10774231446823755,0.05247370713392287
sz301396,宏景科技,2024-06-26,19.22,0.07514450867052025,-0.006624691586786048,0.0817692002573063
sz301397,溯联股份,2024-02-08,31.8,0.08999052731291446,0.10774231446823755,-0.017751787155323093
sz301397,溯联股份,2024-07-17,24.25,0.06783369803063444,-0.01706051799840814,0.08489421602904258
sz301399,英特科技,2024-02-08,23.35,0.26694915254237284,0.10774231446823755,0.15920683807413527
sz301399,英特科技,2024-08-12,21.95,0.022055373064289174,0.004773525065576327,0.017281847998712848
sz301408,华人健康,2024-01-24,14.56,-0.1339285714285715,-0.07349747725137945,-0.06043109417719206
sz301419,阿莱德,2024-02-08,22.18,0.3421052631578947,0.10774231446823755,0.23436294868965712
sz301429,森泰股份,2024-02-08,12.14,0.19967132292522605,0.10774231446823755,0.0919290084569885
sz301446,福事特,2024-02-08,19.72,0.15957446808510656,0.10774231446823755,0.051832153616869006
sz301469,恒达新材,2024-02-02,28.8,-0.19453697534976677,0.03027376145763716,-0.22481073680740393
sz301488,豪恩汽电,2024-02-08,41.89,0.17590128236148095,0.10774231446823755,0.0681589678932434
sz301489,思泉新材,2024-02-08,39.21,0.24769703172978508,0.10774231446823755,0.1399547172615475
sz301500,飞南资源,2024-08-26,17.05,-0.007033997655333968,0.011198797979437845,-0.018232795634771815
sz301515,港通医疗,2024-02-08,18.29,0.14762931034482762,0.10774231446823755,0.03988699587659007
sz301518,长华化学,2024-02-08,14.27,0.16052814454482278,0.10774231446823755,0.05278583007658523
sz301550,斯菱智驱,2024-02-06,27.38,0.09539007092198593,0.11450102384612285,-0.01911095292413692
